Ulotrichaceae,Algae,Chlorophyta,,FW,,,,,,,,,,,,,,,,,,,,,,,,F1,1,1,1,1,1,1,1,1,1,1,1,1,1,1,1,1,1,1,1,1,1,1,1,1,1,1,1,1,1,1,1,1,1,1,1,1,1,1,1,1,1,1,1,1,1,1,1,1,1,1,1,1,1,1,1,1,1,1,1,1,1,1
Dasycladales,Algae,Chlorophyta,,M,,,,,,,,,,,?F,?,?,?,?,?,F2,1,1,1,1,1,1,1,1,1,1,1,1,1,1,1,1,1,1,1,1,1,1,1,1,1,1,1,1,1,1,1,1,1,1,1,1,1,1,1,1,1,1,1,1,1,1,1,1,1,1,1,1,1,1,1,1,1,1,1,1,1,1,1,1,1,1,1,1,1
Cladophorales,Algae,Chlorophyta,,MF,,,,,,,F1,1,1,1,1,1,1,1,1,1,1,1,1,1,1,1,1,1,1,1,1,1,1,1,1,1,1,1,1,1,1,1,1,1,1,1,1,1,1,1,1,1,1,1,1,1,1,1,1,1,1,1,1,1,1,1,1,1,1,1,1,1,1,1,1,1,1,1,1,1,1,1,1,1,1,1,1,1,1,1
Halimedaceae,Algae,Chlorophyta,,B,,,,,,,,,,,,,,,,,,,,,,,,,,,,,,,,,,,,,,,,,,,,,,,,,,,,,,,,,,,,,,,,,,,,,,,,,,,?F,?,?,?,F1,1,1,1,1,1,1,1
Zygnemataceae,Algae,Chlorophyta,,B,,,,,,,,,,,,,,,,,,,,,,,,,,F1,1,1,1,1,1,1,1,1,1,1,1,1,1,1,1,1,1,1,1,1,1,1,1,1,1,1,1,1,1,1,1,1,1,1,1,1,1,1,1,1,1,1,1,1,1,1,1,1,1,1,1,1,1,1,1,1,1,1,1,1
Desmidiaceae,Algae,Chlorophyta,,B,,,,,,,,,,,,,,,,,,,,,,,,,,F1,1,1,1,1,1,1,1,1,1,1,1,1,1,1,1,1,1,1,1,1,1,1,1,1,1,1,1,1,1,1,1,1,1,1,1,1,1,1,1,1,1,1,1,1,1,1,1,1,1,1,1,1,1,1,1,1,1,1,1,1
Oedogoniaceae,Algae,Chlorophyta,,B,,,,,,,,,,,,,,,,,,,,,,,,,,F1,1,1,1,1,1,1,1,1,1,1,1,1,1,1,1,1,1,1,1,1,1,1,1,1,1,1,1,1,1,1,1,1,1,1,1,1,1,1,1,1,1,1,1,1,1,1,1,1,1,1,1,1,1,1,1,1,1,1,1,1
Sycidiaceae,Algae,Charophyta,,F,,,,,,,,,,,,,,,,,,,,,,F1,1,1,1,1,1,1,1,L1,,,,,,,,,,,,,,,,,,,,,,,,,,,,,,,,,,,,,,,,,,,,,,,,,,,,,,,,
Chovanellaceae,Algae,Charophyta,,F,,,,,,,,,,,,,,,,,,,,,,,F1,1,1,1,1,1,L1,,,,,,,,,,,,,,,,,,,,,,,,,,,,,,,,,,,,,,,,,,,,,,,,,,,,,,,,,
Pinnoputamenaceae,Algae,Charophyta,,F,,,,,,,,,,,,,,,,,,,,,,,,,,,FL,,,,,,,,,,,,,,,,,,,,,,,,,,,,,,,,,,,,,,,,,,,,,,,,,,,,,,,,,,,
Trochiliscaceae,Algae ,Charophyta,,F,,,,,,,,,,,,,,,,,,,,,,,,,?F,F1,L1,,,,,,,,,,,,,,,,,,,,,,,,,,,,,,,,,,,,,,,,,,,,,,,,,,,,,,,,,,,
Moellerinaceae,Algae,Charophyta,,F,,,,,,,,,,,,,,,,,,,,,,F1,1,1,1,1,1,1,1,1,1,1,1,1,1,1,1,1,1,1,L1,,,,,,,,,,,,,,,,,,,,,,,,,,,,,,,,,,,,,,,,,,,,,
Eocharaceae,Algae,Charophyta,,F,,,,,,,,,,,,,,,,,,,,,,,,,,?F,FL,,,,,,,,,,,,,,,,,,,,,,,,,,,,,,,,,,,,,,,,,,,,,,,,,,,,,,,,,,,
Palaeocharaceae,Algae,Charophyta,,F,,,,,,,,,,,,,,,,,,,,,,,,,,,,,,,,,FL,,,,,,,,,,,,,,,,,,,,,,,,,,,,,,,,,,,,,,,,,,,,,,,,,,,,,
Porocharaceae,Algae,Charophyta,,F,,,,,,,,,,,,,,,,,,,,,,,,,,,,,,,,,,F1,1,1,1,1,1,1,1,1,1,1,1,1,1,1,1,1,1,1,1,1,1,1,1,1,1,1,1,1,1,1,1,1,1,1,1,1,1,1,L1,,,,,,,,,,,,,
Clavatoraceae,Algae,Charophyta,,F,,,,,,,,,,,,,,,,,,,,,,,,,,,,,,,,,,,,,,,,,,,,,,,,,,,,,,,,,,F1,1,1,1,1,1,1,1,1,1,1,1,1,1,L1,,,,,,,,,,,,,,
Raskyellaceae,Algae,Charophyta,,F,,,,,,,,,,,,,,,,,,,,,,,,,,,,,,,,,,,,,,,,,,,,,,,,,,,,,,,,,,,,,,,,,,,,,,,F1,1,1,1,1,1,1,1,1,1,L1,,,,,
Characeae,Algae,Charophyta,,F,,,,,,,,,,,,,,,,,,,,,,,,,,,,,,,,,,,,,,,,,,,,,,,,,,,,,?F,F1,1,1,1,1,1,1,1,1,1,1,1,1,1,1,1,1,1,1,1,1,1,1,1,1,1,1,1,1,1,1,1,1
Vaucheriaceae,Algae,Xanthophyta,,F,,,,,,,,,,,,,,,,,,,,,,,,,,,,,,,,,,,,,,,,,,,,,,,,,,,,,,,,,,,,,,,,,,,,,,,,,,,,,,,,,F1,1,1,1,1,1
Arkhangelskiellaceae,Algae,Haptophyta,,M,,,,,,,,,,,,,,,,,,,,,,,,,,,,,,,,,,,,,,,,,,,,,,,,,,,,,,,,,,,,,,,,,,F1,1,1,1,1,1,L1,,,,,,,,,,,,,,
Biscutaceae,Algae,Haptophyta,,M,,,,,,,,,,,,,,,,,,,,,,,,,,,,,,,,,,,,,,,,,,,,,,,,,,,,F1,1,1,1,1,1,1,1,1,1,1,1,1,1,1,1,1,1,1,1,1,1,L1,,,,,,,,,,,,
Braarudosphaeraceae,Algae,Haptophyta,,M,,,,,,,,,,,,,,,,,,,,,,,,,,,,,,,,,,,,,,,,,,,,,,,,,,,,,,,,,,,,F1,1,1,1,1,1,1,1,1,1,1,1,1,1,1,1,1,1,1,1,1,1,1,1,1,1,1
Calciosoleniaceae,Algae,Haptophyta,,M,,,,,,,,,,,,,,,,,,,,,,,,,,,,,,,,,,,,,,,,,,,,,,,,,,,,,,,,,,,,,,,F1,1,1,1,1,1,1,1,1,1,1,1,1,1,1,1,1,1,1,1,1,1,1,1
Calyptrosphaeraceae,Algae,Haptophyta,,M,,,,,,,,,,,,,,,,,,,,,,,,,,,,,,,,,,,,,,,,,,,,,,,,,,,,,,,,F1,1,1,1,1,1,1,1,1,1,1,1,1,1,1,1,1,1,1,1,1,1,1,1,1,1,1,1,1,1,1
Calyculaceae,Algae,Haptophyta,,M,,,,,,,,,,,,,,,,,,,,,,,,,,,,,,,,,,,,,,,,,,,,,,,,,,,,F1,1,1,1,L1,,,,,,,,,,,,,,,,,,,,,,,,,,,,,,
Ceratolithaceae,Algae,Haptophyta,,M,,,,,,,,,,,,,,,,,,,,,,,,,,,,,,,,,,,,,,,,,,,,,,,,,,,,,,,,,,,,,,,,,,?F,F1,1,1,1,1,1,1,1,1,1,1,1,1,1,1,1,1,1,1,1
Coccolithaceae,Algae,Haptophyta,,M,,,,,,,,,,,,,,,,,,,,,,,,,,,,,,,,,,,,,,,,,,,,,,,,,,,,,,,,,,,,,,,,,,,,,,,,,F1,1,1,1,1,1,1,1,1,1,1,1,1,1
Cretarhabdaceae,Algae,Haptophyta,,M,,,,,,,,,,,,,,,,,,,,,,,,,,,,,,,,,,,,,,,,,,,,,,,,,,,,,1,1,1,1,1,1,1,1,1,1,1,1,1,1,1,1,1,1,1,1,,,,,,,,,,,,,,
Eiffelithaceae,Algae,Haptophyta,,M,,,,,,,,,,,,,,,,,,,,,,,,,,,,,,,,,,,,,,,,,,,,,,,,,,,,,,,,,,,,,F1,1,1,1,1,1,1,1,1,1,1,L1,,,,,,,,,,,,,,
Helicosphaeraceae,Algae,Haptophyta,,M,,,,,,,,,,,,,,,,,,,,,,,,,,,,,,,,,,,,,,,,,,,,,,,,,,,,,,,,,,,,,,,,,,,,,,,,,,,F1,1,1,1,1,1,1,1,1,1,1,1
Mazaganellaceae,Algae,Haptophyta,,M,,,,,,,,,,,,,,,,,,,,,,,,,,,,,,,,,,,,,,,,,,,,,,,,,,,F1,1,1,1,1,1,1,1,1,L1,,,,,,,,,,,,,,,,,,,,,,,,,,
Noelaerhabdacaea,Algae,Haptophyta,,M,,,,,,,,,,,,,,,,,,,,,,,,,,,,,,,,,,,,,,,,,,,,,,,,,,,,,,,,,,,,,,,,,,,,,,,,,F1,1,1,1,1,1,1,1,1,1,1,1,1,1
Parhabdolithaceae,Algae,Haptophyta,,M,,,,,,,,,,,,,,,,,,,,,,,,,,,,,,,,,,,,,,,,,,,,,,,,F1,1,1,1,1,1,1,1,L1,,,,,,,,,,,,,,,,,,,,,,,,,,,,,,
Podorhabdaceae,Algae,Haptophyta,,M,,,,,,,,,,,,,,,,,,,,,,,,,,,,,,,,,,,,,,,,,,,,,,,,,,,,F1,1,1,1,1,1,1,1,1,1,1,1,1,1,1,1,1,1,1,1,L1,,,,,,,,,,,,,,
Pontosphaeraceae,Algae,Haptophyta,,M,,,,,,,,,,,,,,,,,,,,,,,,,,,,,,,,,,,,,,,,,,,,,,,,,,,,,,,,,,,,,,,,,,,,,,,,,,F1,1,1,1,1,1,1,1,1,1,1,1,1
Prediscosphaeraceae,Algae,Haptophyta,,M,,,,,,,,,,,,,,,,,,,,,,,,,,,,,,,,,,,,,,,,,,,,,,,,,,,,,,,,,,,,,,,,,F1,1,1,1,1,1,1,L1,,,,,,,,,,,,,,
Rhabdosphaeraceae,Algae,Haptophyta,,M,,,,,,,,,,,,,,,,,,,,,,,,,,,,,,,,,,,,,,,,,,,,,,,,,,,,,,,,,,,,,,,,,,,,,,,,,,,F1,1,1,1,1,1,1,1,1,1,1,1
Rhagodiscaceae,Algae,Haptophyta,,M,,,,,,,,,,,,,,,,,,,,,,,,,,,,,,,,,,,,,,,,,,,,,,,,,,,,,,,,,,,,F1,1,1,1,1,1,1,1,1,1,1,1,L1,,,,,,,,,,,,,,
Stephanolithiaceae,Algae,Haptophyta,,M,,,,,,,,,,,,,,,,,,,,,,,,,,,,,,,,,,,,,,,,,,,,,,,,,,,,F1,1,1,1,1,1,1,1,1,1,1,1,1,1,1,1,1,1,1,1,L1,,,,,,,,,,,,,,
Watznauriaceae,Algae,Haptophyta,,M,,,,,,,,,,,,,,,,,,,,,,,,,,,,,,,,,,,,,,,,,,,,,,,,,,,,F1,1,1,1,1,1,1,1,1,1,1,1,1,1,1,1,1,1,1,1,1,L1,,,,,,,,,,,,,
Zygodiscaceae,Algae,Haptophyta,,B,,,,,,,,,,,,,,,,,,,,,,,,,,,,,,,,,,,,,,,,,,,,,,,,F1,1,1,1,1,1,1,1,1,1,1,1,1,1,1,1,1,1,1,1,1,1,1,1,1,1,1,1,1,1,1,L1,,,,,,,
Thalassiosiraceae,Algae,Bacillariophyta,,B,,,,,,,,,,,,,,,,,,,,,,,,,,,,,,,,,,,,,,,,,,,,,,,,,,,,,,,,,,,,,,,,,,,,F1,1,1,1,1,1,1,1,1,1,1,1,1,1,1,1,1,1,1
Melosiraceae,Algae,Bacillariophyta,,B,,,,,,,,,,,,,,,,,,,,,,,,,,,,,,,,,,,,,,,,,,,,,,,,,,,,,,,,,,?F,?,F1,1,1,1,1,1,1,1,1,1,1,1,1,1,1,1,1,1,1,1,1,1,1,1,1,1,1
Coscinodiscaceae,Algae,Bacillariophyta,,B,,,,,,,,,,,,,,,,,,,,,,,,,,,,,,,,,,,,,,,,,,,,,,,,,,,,,,,,,,,,,,,,,,F1,1,1,1,1,1,1,1,1,1,1,1,1,1,1,1,1,1,1,1,1
Hemidiscaceae,Algae,Bacillariophyta,,B,,,,,,,,,,,,,,,,,,,,,,,,,,,,,,,,,,,,,,,,,,,,,,,,,,,,,,,,,,,,,,,,,,,,,,,,,,,,,,F1,1,1,1,1,1,1,1,1
Asterolampraceae,Algae,Bacillariophyta,,B,,,,,,,,,,,,,,,,,,,,,,,,,,,,,,,,,,,,,,,,,,,,,,,,,,,,,,,,,,,,,,,,,,,,,,,,,,,F1,1,1,1,1,1,1,1,1,1,1,1
Heliopeltaceae,Algae,Bacillariophyta,,B,,,,,,,,,,,,,,,,,,,,,,,,,,,,,,,,,,,,,,,,,,,,,,,,,,,,,,,,,,,,,,,,,,F1,1,1,1,1,1,1,1,1,1,1,1,1,1,1,1,1,1,1,1,1
Pyxillaceae,Algae,Bacillariophyta,,B,,,,,,,,,,,,,,,,,,,,,,,,,,,,,,,,,,,,,,,,,,,,,,,,,,,,,,,,,,,,,,,,,?F,F1,1,1,1,1,1,1,1,1,1,1,1,1,1,1,1,1,1,1,1,1
Rhizosoleniaceae,Algae,Bacillariophyta,,B,,,,,,,,,,,,,,,,,,,,,,,,,,,,,,,,,,,,,,,,,,,,,,,,,,,,,,,,,,,,,?F,?,F1,1,1,1,1,1,1,1,1,1,1,1,1,1,1,1,1,1,1,1,1,1,1,1
Biddulphiaceae,Algae,Bacillariophyta,,B,,,,,,,,,,,,,,,,,,,,,,,,,,,,,,,,,,,,,,,,,,,,,,,,,,,,,,,,,,,,,,,,,,F1,1,1,1,1,1,1,1,1,1,1,1,1,1,1,1,1,1,1,1,1
Chaetoceraceae,Algae,Bacillariophyta,,B,,,,,,,,,,,,,,,,,,,,,,,,,,,,,,,,,,,,,,,,,,,,,,,,,,,,,,,,,,,,,,,,,,,,,,,,,,,?F,F1,1,1,1,1,1,1,1,1,1,1
Lithodesmiaceae,Algae,Bacillariophyta,,B,,,,,,,,,,,,,,,,,,,,,,,,,,,,,,,,,,,,,,,,,,,,,,,,,,,,,,,,,,,,,?F,?,F1,1,1,1,1,1,1,1,1,1,1,1,1,1,1,1,1,1,1,1,1,1,1,1
Eupodiscaceae,Algae,Bacillariophyta,,B,,,,,,,,,,,,,,,,,,,,,,,,,,,,,,,,,,,,,,,,,,,,,,,,,,,,,,,,,,,,,,,,,,F1,1,1,1,1,1,1,1,1,1,1,1,1,1,1,1,1,1,1,1,1
Diatomaceae,Algae,Bacillariophyta,,B,,,,,,,,,,,,,,,,,,,,,,,,,,,,,,,,,,,,,,,,,,,,,,,,,,,,,,,,,,,,,,,,,,,,,,,F1,1,1,1,1,1,1,1,1,1,1,1,1,1,1,1
Eunotiaceae,Algae,Bacillariophyta,,B,,,,,,,,,,,,,,,,,,,,,,,,,,,,,,,,,,,,,,,,,,,,,,,,,,,,,,,,,,,,,,,,,,,,,,,,,,,?F,?,?,F1,1,1,1,1,1,1,1,1
Achnanthaceae,Algae,Bacillariophyta,,B,,,,,,,,,,,,,,,,,,,,,,,,,,,,,,,,,,,,,,,,,,,,,,,,,,,,,,,,,,,,,,,,,,,,,,,,,,,?F,?,?,F1,1,1,1,1,1,1,1,1
Naviculaceae,Algae,Bacillariophyta,,B,,,,,,,,,,,,,,,,,,,,,,,,,,,,,,,,,,,,,,,,,,,,,,,,,,,,,,,,,,,,,,,,,,,,,,,,,,,?F,?,?,F1,1,1,1,1,1,1,1,1
Epithemiaceae,Algae,Bacillariophyta,,B,,,,,,,,,,,,,,,,,,,,,,,,,,,,,,,,,,,,,,,,,,,,,,,,,,,,,,,,,,,,,,,,,,,,,,,,,,,,,,,,,F1,1,1,1,1,1
Nitzschiaceae,Algae,Bacillariophyta,,B,,,,,,,,,,,,,,,,,,,,,,,,,,,,,,,,,,,,,,,,,,,,,,,,,,,,,,,,,,,,,,,,,,,,,,,,,,,,,,,,,,F1,1,1,1,1
Surirellaceae,Algae,Bacillariophyta,,B,,,,,,,,,,,,,,,,,,,,,,,,,,,,,,,,,,,,,,,,,,,,,,,,,,,,,,,,,,,,,,,,,,,,,,,,,,,,,,,,F1,1,1,1,1,1,1
Unnamed,Algae,Bacillariophyta,,M,,,,,,,,,,,,,,,,,,,,,,,,,,,,,,,,,,,,,,,,,,,,,,,,,,,,,,,,,,,,,,,,,?F,F1,1,1,1,1,1,1,1,1,1,1,1,1,1,1,1,1,1,1,1,1
Euglenales,Algae,Euglenophyta,,F,,,,,,,,,,,,,,,,,,,,,,,,,,,,,,,,,,,,,,,,,,,,,,,,,,,,,,,,,,,,,,,,,,,,,,,,,,,?F,?,?,F2,1,1,1,1,1,1,1,1
Laerosphaeridaceae,Algae,Prasinophyta,,M,,,,,,,F1,1,1,1,1,1,1,1,1,1,1,1,1,1,1,1,1,1,1,1,1,1,1,1,1,1,1,1,1,1,1,1,1,1,1,1,1,1,1,1,1,1,1,1,1,1,1,1,1,1,1,1,1,1,1,1,1,1,1,1,1,1,1,1,1,1,1,1,1,1,1,1,1,1,1,1,1,1,1,1
Tasmanitaceae,Algae,Prasinophyta,,M,,,,,,,F1,1,1,1,1,1,1,1,1,1,1,1,1,1,1,1,1,1,1,1,1,1,1,1,1,1,1,1,1,1,1,1,1,1,1,1,1,1,1,1,1,1,1,1,1,1,1,1,1,1,1,1,1,1,1,1,1,1,1,1,1,1,1,1,1,1,1,1,1,1,1,1,1,1,1,1,1,1,1,1
Cymatiosphaeraceae,Algae,Prasinophyta,,M,,,,,,,,,,,,,?F,?,?,?,?,FL,?,?,?,?,?,?,?,?,?,?,?,?,?,?,?,?,?,?,?,?,?,?,?,?,?,?,?,?,?,?,?,?,?,?,?,?,?,?,?,?,?,?,?,?,?,?,?,?,?,?,?,?,?,?,?,?,?,?,?,?,?,?,?,?,?,?,?,?
Pterosphaeraceae,Algae,Prasinophyta,,M,,,,,,,,,,,,,,,,,,,,,,,,,,,,,,,,,,,,,?F,?,?,?,?,?,F1,1,1,1,1,1,1,L1,?,?,?,?,?,?,?,?,?,?L,,,,,,,,,,,,,,,,,,,,,,,,,,
Pterospermellaceae,Algae,Prasinophyta,,M,,,,,,,FL,?,?,?,?,?,?,?,?,?,?,?,?,?,?,?,?,?,?,?,?,?,?,?,?,?,?,?,?,?,?,?,?,?,?,?,?,?,?,?,?,?,?,?,?,?,?,?,?,?,?,?,?,?,?,?,?,?,?,?,?,?,?,?,?,?,?,?,?,?,?,?,?,?,?,?,?,?,?,?
D-tests,Algae,Dinophyta,,M,,,,,,,,,,,,,,,,,,,,,,,,,,,,,,,,,,,,,,,,,,,,,,,,,,,,,,,,,,,,,,,,,,,,F1,1,1,1,1,L1,,,,,,,,,,,,,
N-cysts,Algae,Dinophyta,,M,,,,,,,,,,,,,,,,,,,,,,,,,,,,,,,,,,,,,,,,,,,,,,,,,,,,F1,1,1,1,1,1,1,1,1,1,L1,,,,,,,,,,,,,,,,,,,,,,,,
S-cysts,Algae,Dinophyta,,M,,,,,,,,,,,,,,,,,,,,,,,,,,,,,,,,,,,,,,,,,,,,,,,F1,1,1,1,L1,,,,,,,,,,,,,,,,,,,,,,,,,,,,,,,,,,,
Wetzeliella Complex,Algae,Dinophyta,,M,,,,,,,,,,,,,,,,,,,,,,,,,,,,,,,,,,,,,,,,,,,,,,,,,,,,,,,,,,,,,,,,,,,,,,,,,,,F1,1,1,1,1,1,1,L1,?L,,,
Apectodinium Complex,Algae,Dinophyta,,M,,,,,,,,,,,,,,,,,,,,,,,,,,,,,,,,,,,,,,,,,,,,,,,,,,,,,,,,,,,,,,,,,,,,,,,,,,F1,1,1,1,L1,?,?L,,,,,,
Deflandrea Complex,Algae,Dinophyta,,M,,,,,,,,,,,,,,,,,,,,,,,,,,,,,,,,,,,,,,,,,,,,,,,,,,,?F,?,?,?,?,?,?,?,?,?,?,?,?,?,?,?,?,F1,1,1,1,1,1,1,1,1,1,1,1,1,1,1,1,1,1,1
Spinidinium Complex,Algae,Dinophyta,,M,,,,,,,,,,,,,,,,,,,,,,,,,,,,,,,,,,,,,,,,,,,,,,,,,,,,,,,,,,,,,,,,,1,1,1,1,1,1,1,1,1,1,1,1,1,1,1,1,1,1,1,1,1,1
Selenopemphix Complex,Algae,Dinophyta,,M,,,,,,,,,,,,,,,,,,,,,,,,,,,,,,,,,,,,,,,,,,,,,,,,,,,,,,,,,,,,,,,,,,,,,,,,,,,,,F1,1,1,1,1,1,1,1,1,1
Palaeoperidinium Complex,Algae,Dinophyta,,MF,,,,,,,,,,,,,,,,,,,,,,,,,,,,,,,,,,,,,,,,,,,,,,,,,,,,,,,,,,,,,,?F,F1,1,1,1,1,1,1,1,1,1,1,1,1,1,1,1,1,1,1,1,1,1,1,1
Ascodinium Complex,Algae,Dinophyta,,M,,,,,,,,,,,,,,,,,,,,,,,,,,,,,,,,,,,,,,,,,,,,,,,,,,,,F1,1,1,1,1,1,1,1,1,1,1,1,1,1,1,1,1,1,1,1,1,1,1,1,1,1,1,1,1,1,1,1,1,1,1
Phthanoperidinium Complex,Algae,Dinophyta,,M,,,,,,,,,,,,,,,,,,,,,,,,,,,,,,,,,,,,,,,,,,,,,,,,,,,,,,,,,,,,,,,,,,,,,,,,,,F1,1,1,1,1,1,1,1,1,L1,,,
Px-cysts,Algae,Dinophyta,,MF,,,,,,,,,,,,,,,,,,,,,,,,,,,,,,,,,,,,,,,,,,,,,,,,,,,,,,,,,,,?F,?,?,?,F1,1,1,1,1,1,1,1,1,1,1,1,1,1,1,1,1,1,L1,,,,,
Rp-cysts,Algae,Dinophyta,,M,,,,,,,,,,,,,,,,,,,,,,,,,,,,,,,,,,,,,,,,,,,,,,,,,,,,?F,F1,1,1,1,1,1,1,1,1,1,1,1,1,1,L1,,,,,,,,,,,,,,,,,,,
Pareodinia Complex,Algae,Dinophyta,,M,,,,,,,,,,,,,,,,,,,,,,,,,,,,,,,,,,,,,,,,,,,,,,,,,,,,,?F,?,F1,1,1,1,1,1,1,1,1,1,1,L1,,,,,,,,,,,,,,,,,,,,
Rr-cysts,Algae,Dinophyta,,M,,,,,,,,,,,,,,,,,,,,,?F,?,?,?,?,?,?,?,?,?,?,?,?,?,?,?,?,?,?,?,?,?,?,?,F1,1,1,1,1,1,1,1,1,1,1,L1,,,,,,,,,,,,,,,,,,,,,,,,,,,,,,
Odontochitina Complex,Algae,Dinophyta,,M,,,,,,,,,,,,,,,,,,,,,,,,,,,,,,,,,,,,,,,,,,,,,,,,,,,,,,,,,,,,,,,,F1,1,1,1,1,1,1,1,L1,,,,,,,,,,,,,,
Pseudoceratium Complex,Algae,Dinophyta,,M,,,,,,,,,,,,,,,,,,,,,,,,,,,,,,,,,,,,,,,,,,,,,,,,,,,,,,,,,,,?F,F1,1,1,1,1,1,1,L1,,,,,,,,,,,,,,,,,,,
Muderongia Complex,Algae,Dinophyta,,M,,,,,,,,,,,,,,,,,,,,,,,,,,,,,,,,,,,,,,,,,,,,,,,,,,,,,,,,,,,F1,1,1,1,1,1,1,1,1,L1,,,,,,,,,,,,,,,,,,
Areoligera Complex,Algae,Dinophyta,,M,,,,,,,,,,,,,,,,,,,,,,,,,,,,,,,,,,,,,,,,,,,,,,,?F,?,?,?,?,?,?,?,?,?,?,?,?,F1,1,1,1,1,1,1,1,1,1,1,1,1,1,1,1,1,1,1,1,1,L1,,,,,
Membranophoridium Complex,Algae,Dinophyta,,M,,,,,,,,,,,,,,,,,,,,,,,,,,,,,,,,,,,,,,,,,,,,,,,,,,,,,,,,,,,F1,1,1,1,1,1,1,1,1,1,1,1,1,1,1,1,1,1,1,1,1,1,L1,,,,,
Canningia Complex,Algae,Dinophyta,,M,,,,,,,,,,,,,,,,,,,,,,,,,,,,,,,,,,,,,,,,,,,,,,,,,,,,,,,,,,,?F,F1,1,1,1,1,1,1,1,1,1,1,L1,?L,,,,,,,,,,,,,,
Homotryblium Complex,Algae,Dinophyta,,M,,,,,,,,,,,,,,,,,,,,,,,,,,,,,,,,,,,,,,,,,,,,,,,,,,,,,,,,,,,,,,,,,,,,,,,,,,,F1,1,1,1,1,1,1,1,1,1,1,1
Heteraulacacysta Complex,Algae,Dinophyta,,M,,,,,,,,,,,,,,,,,,,,,,,,,,,,,,,,,,,,,,,,,,,,,,,,,,,,,,,,,,?F,F1,1,1,1,1,1,1,L1,?,?,?,?,?,?,?,?,?,?,?,?,?,?,?,?L,,,,
Microdinium Complex,Algae,Dinophyta,,M,,,,,,,,,,,,,,,,,,,,,,,,,,,,,,,,,,,,,,,,,,,,,,,,,,,,,,,,,?F,?,?,?,?,?,?,?,?,F1,1,1,1,1,1,1,1,L1,?,?,?,?,?,?L,,,,,,
Phanerodinium Complex,Algae,Dinophyta,,M,,,,,,,,,,,,,,,,,,,,,,,,,,,,,,,,,,,,,,,,,,,,,,,,,,?F,?,?,?,?,?,?,?,?,?,?,?,?,F1,1,1,1,1,1,1,1,1,1,L1,,,,,,,,,,,,,
 Gp-cysts,Algae,Dinophyta,,M,,,,,,,,,,,,,,,,,,,,,,,,,,,,,,,,,,,,,,,,,,,,,,,,,,,,F1,1,1,1,1,1,1,1,1,L1,,,,,,,,,,,,,,,,,,,,,,,,,
Spiniferites Complex,Algae,Dinophyta,,M,,,,,,,,,,,,,,,,,,,,,,,,,,,,,,,,,,,,,,,,,,,,,,,,,,,,,,,,,,?F,?,?,F2,1,1,1,1,1,1,1,1,1,1,1,1,1,1,1,1,1,1,1,1,1,1,1,1,1
Ctenidodinium Complex,Algae,Dinophyta,,M,,,,,,,,,,,,,,,,,,,,,,,,,,,,,,,,,,,,,,,,,,,,,,,,,,,,F1,1,1,1,1,1,1,1,1,L1,,,,,,,,,,,,,,,,,,,,,,,,,
Wanea Complex,Algae,Dinophyta,,M,,,,,,,,,,,,,,,,,,,,,,,,,,,,,,,,,,,,,,,,,,,,,,,,,,,,,,,F1,1,1,1,1,1,1,L1,,,,,,,,,,,,,,,,,,,,,,,,
Leptodinium Complex,Algae,Dinophyta,,F,,,,,,,,,,,,,,,,,,,,,,,,,,,,,,,,,,,,,,,,,,,,,,,,,,,,,,,F1,1,1,1,1,1,1,1,1,1,1,1,1,1,1,1,1,1,1,1,1,1,1,1,1,1,1,1,1,1,1,1
Hystrichodinium Complex,Algae,Dinophyta,,M,,,,,,,,,,,,,,,,,,,,,,,,,,,,,,,,,,,,,,,,,,,,,,,,,,,,,,,,,,,,,F1,1,1,1,1,1,1,1,1,1,1,L1,,,,,,,,,,,,,,
Areosphaeridium complex,Algae,Dinophyta,,M,,,,,,,,,,,,,,,,,,,,,,,,,,,,,,,,,,,,,,,,,,,,,,,,,,,,,,,,,,,,,,,,,,,,,,,,F1,1,1,1,1,1,1,L1,,,,,,,
Cordosphaeridium Complex,Algae,Dinophyta,,M,,,,,,,,,,,,,,,,,,,,,,,,,,,,,,,,,,,,,,,,,,,,,,,,,,,,,,,,,,,,,,,,,,,,,,,?F,F1,1,1,1,1,1,1,1,1,L1,,,,,
Hystrichosphaeridium Complex,Algae,Dinophyta,,M,,,,,,,,,,,,,,,,,,,,,,,,,,,,,,,,,,,,,,,,,,,,,,,,,,,,,,,,F1,1,1,1,1,1,1,1,1,1,1,1,1,1,1,1,1,1,1,1,1,1,1,1,1,1,1,1,1,L1,
Systematophora Complex,Algae,Dinophyta,,M,,,,,,,,,,,,,,,,,,,,,,,,,,,,,,,,,,,,,,,,,,,,,,,,,,,,,,,,,,F1,1,1,1,1,1,1,1,1,1,1,1,1,1,1,1,1,1,1,1,1,1,1,1,1,L1,,,
Callaiosphaeridium Complex,Algae,Dinophyta,,M,,,,,,,,,,,,,,,,,,,,,,,,,,,,,,,,,,,,,,,,,,,,,,,,,,,,,,,,,,,,,,,F1,1,1,1,1,1,1,1,1,L1,,,,,,,,,,,,,,
Fibrocysta complex,Algae,Dinophyta,,M,,,,,,,,,,,,,,,,,,,,,,,,,,,,,,,,,,,,,,,,,,,,,,,,,,,,,,,,,,,F1,1,1,1,1,1,1,1,1,1,1,1,1,1,1,1,1,1,L1,,,,,,,,,
Operculodinium Complex,Algae,Dinophyta,,M,,,,,,,,,,,,,,,,,,,,,,,,,,,,,,,,,,,,,,,,,,,,,,,,,,,,,,,F1,1,1,1,1,1,1,1,1,1,1,1,1,1,1,1,1,1,1,1,1,1,1,1,1,1,1,1,1,1,1,1
Gn-cysts,Algae,Dinophyta,,M,,,,,,,,,,,,,,,,,,,,,,,,,,,,,,,,,,,,,,,,,,,,,,,,,,,,,,,,,,,,,,,,?F,?,?,?,?,?,FL,?,?,?L,,,,,,,,,,,,,
Batioladinium Complex,Algae,Dinophyta,,M,,,,,,,,,,,,,,,,,,,,,,,,,,,,,,,,,,,,,,,,,,,,,,,,,,,,,,,,,,F1,1,1,1,1,1,1,1,L1,,,,,,,,,,,,,,,,,,,,
Prolixosphaeridium Complex,Algae,Dinophyta,,M,,,,,,,,,,,,,,,,,,,,,,,,,,,,,,,,,,,,,,,,,,,,,,,,,,,,,,,F1,1,1,1,1,1,1,1,1,1,1,1,1,1,1,1,1,1,1,1,1,1,1,1,1,1,1,1,1,1,1,1
Apteodinium Complex,Algae,Dinophyta,,B,,,,,,,,,,,,,,,,,,,,,,,,,,,,,,,,,,,,,,,,,,,,,,,,,,,,F1,1,1,1,1,1,1,1,1,1,1,1,1,1,1,1,1,1,1,1,1,1,1,1,1,1,1,1,1,1,1,1,1,1,1
Scriniodinium complex,Algae,Dinophyta,,M,,,,,,,,,,,,,,,,,,,,,,,,,,,,,,,,,,,,,,,,,,,,,,,,,,,,,,,,,F1,1,1,1,1,1,1,1,1,1,1,1,1,1,1,1,1,1,1,1,1,1,1,1,1,1,L1,?L,,
Chlamydophorella Complex,Algae,Dinophyta,,M,,,,,,,,,,,,,,,,,,,,,,,,,,,,,,,,,,,,,,,,,,,,,,,,,,,,,F1,1,1,1,1,1,1,1,1,1,1,1,1,1,1,1,1,1,1,1,1,1,1,1,1,1,L1,,,,,,,
Gx-cysts,Algae,Dinophyta,,M,,,,,,,,,,,,,,,,,,,,,,,,,,,,,,,,,,,,,,,,,,,,,,,,,,,,,,,F1,1,1,1,1,1,1,1,1,1,1,1,1,1,1,1,1,1,1,1,1,1,1,1,1,1,1,1,1,1,1,L1
M-cysts,Algae,Dinophyta,,M,,,,,,,,,,,,,,,,,,,,,,,,,,,,,,,,,,,,,,,,,,,,,,,,,,,,,,,,,,,?F,?,?,?,?,?,?,?,?,?,F1,1,1,1,1,1,1,1,1,1,1,1,1,1,1,1,1,1
Calcareous Dinoflagellates,Algae,Dinophyta,,M,,,,,,,,,,,,,,,,,,,,,,,,,,,,,,,,,,,,,,,,,,,,,,,,,,F1,1,1,1,1,1,1,1,1,1,1,1,1,1,1,1,1,1,1,1,1,1,1,1,1,1,1,1,1,1,1,1,1,1,1,1,1
Siliceous Dinoflagellates,Algae,Dinophyta,,M,,,,,,,,,,,,,,,,,,,,,,,,,,,,,,,,,,,,,,,,,,,,,,,,,,,,,,,,,,,,,,,,,,,,,,,,,?F,F1,1,1,1,1,1,1,1,1,1,1,1,1
Sphaeromorphitidae,Algae,Acritarcha,,M,,,,,,,?F,F2,1,1,1,1,1,1,1,1,1,1,1,1,1,1,1,1,1,1,1,1,1,1,1,1,1,1,1,1,1,1,1,1,1,1,1,1,1,1,1,1,1,1,1,1,1,1,1,1,1,1,1,1,1,1,1,1,1,1,1,1,1,1,1,1,1,1,1,1,1,1,1,1,1,1,1,1,1,1
Herkomorphitae,Algae,Acritarcha,,M,,,,,,,,,,F1,1,1,1,1,1,1,1,1,1,1,1,1,1,1,1,1,1,1,1,1,1,1,1,1,1,1,1,1,1,1,1,1,1,1,1,1,1,1,1,1,1,1,1,1,1,1,1,1,1,1,1,1,1,1,1,1,1,1,1,1,1,1,1,1,1,1,1,1,1,1,1,1,1,1,1,1
Pteromorphitae,Algae,Acritarcha,,M,,,,,,,,,,F1,1,1,1,1,1,1,1,1,1,1,1,1,1,1,1,1,1,1,1,1,1,1,1,1,1,1,1,1,1,1,1,1,1,1,1,1,1,1,1,1,1,1,1,1,1,1,1,1,1,1,1,1,1,1,1,1,1,1,1,1,1,1,1,1,1,1,1,1,1,1,1,1,1,1,1,1
Acanthomorphitidae,Algae,Acritarcha,,M,,,,,,,,,,,,,,,,,F1,1,1,1,1,1,1,1,1,1,1,1,1,1,1,1,1,1,1,1,1,1,1,1,1,1,1,1,1,1,1,1,1,1,1,1,1,1,1,1,1,1,1,1,1,1,1,1,1,1,1,1,1,1,1,1,1,1,1,1,1,1,1,1,1,1,1,1,1,1
Bangiaceae,Algae,Rhodophyta,,M,,,,,,,?F,F1,1,1,1,1,1,1,1,1,1,1,1,1,1,1,1,1,1,1,1,1,1,1,1,1,1,1,1,1,1,1,1,1,1,1,1,1,1,1,1,1,1,1,1,1,1,1,1,1,1,1,1,1,1,1,1,1,1,1,1,1,1,1,1,1,1,1,1,1,1,1,1,1,1,1,1,1,1,1
Porphyridaceae,Algae,Rhodophyta,,M,,,,,,,,,,,,,,,,,,,,,?F,F1,1,1,1,1,1,1,1,1,1,1,1,1,1,1,1,1,1,1,1,1,1,1,1,1,1,1,1,1,1,1,1,1,1,1,1,1,1,1,1,1,1,1,1,1,1,1,1,1,1,1,1,1,1,1,1,1,1,1,1,1,1,1,1,1
Solenoporaceae,Algae,Rhodophyta,,M,,,,,,,,,,,,,,,,?F,?,F1,1,1,1,1,1,1,1,1,1,1,1,1,1,1,1,1,1,1,1,1,1,1,1,1,1,1,1,1,1,1,1,1,1,1,1,1,1,1,1,1,1,1,1,1,1,1,1,1,1,1,1,1,1,1,1,1,1,1,1,1,1,1,1,L1,,,,
Peyssoneliaceae,Algae,Rhodophyta,,M,,,,,,,,,,,,,,,,,,,,,,,,,,,,,,,,,,,,,,,,,,,,,,,,,,,,,,,,,,,,,,,,F1,1,1,1,1,1,1,1,1,1,1,1,1,1,1,1,1,1,1,1,1,1,1
Corallinaceae,Algae,Rhodophyta,,M,,,,,,,,,,,,,,,,,,,,,,,,,,,,,,,,,,,,,,,,,,,,,,,,,,,,,,,,,,,,,,,,F1,1,1,1,1,1,1,1,1,1,1,1,1,1,1,1,1,1,1,1,1,1,1
Moniliporellaceae,Algae,? Rhodophyta,,M,,,,,,,,,,,,,,,,,F1,1,L1,,,,,,,,,,,,,,,,,,,,,,,,,,,,,,,,,,,,,,,,,,,,,,,,,,,,,,,,,,,,,,,,,,,
Gymnocodiaceae,Algae,Incertae Sedis 1,,M,,,,,,,,,,,,,,,,,,,,,,,,,,,,,,,,,,,,,F1,1,1,1,1,1,1,1,1,1,1,1,1,1,1,1,1,1,1,1,1,1,1,1,1,1,1,1,1,1,1,1,1,1,1,1,1,1,1,1,1,1,1,1,L1,,,,,
Receptaculitales,Algae,Incertae Sedis 1,,M,,,,,,,,,,,,,?F,F1,1,1,1,1,1,1,1,1,1,1,1,1,1,1,1,1,1,1,1,1,1,1,1,1,1,1,1,1,L1,,,,,,,,,,,,,,,,,,,,,,,,,,,,,,,,,,,,,,,,,,,
Conusphaeraceae,Algae,Incertae Sedis 2,,M,,,,,,,,,,,,,,,,,,,,,,,,,,,,,,,,,,,,,,,,,,,,,,,,F1,1,1,1,1,1,1,1,1,1,1,1,1,1,1,1,1,L1,,,,,,,,,,,,,,,,,,,,,
Discoasteraceae,Algae,Incertae Sedis 2,,M,,,,,,,,,,,,,,,,,,,,,,,,,,,,,,,,,,,,,,,,,,,,,,,,,,,,,,,,,,,,,,,,,,,,,,,,,,F1,1,1,1,1,1,1,1,1,1,L1,,
Fasciculithaceae,Algae,Incertae Sedis 2,,M,,,,,,,,,,,,,,,,,,,,,,,,,,,,,,,,,,,,,,,,,,,,,,,,,,,,,,,,,,,,,,,,,,,,,,,,,F1,1,L1,,,,,,,,,,,
Goniolithaceae,Algae,Incertae Sedis 2,,M,,,,,,,,,,,,,,,,,,,,,,,,,,,,,,,,,,,,,,,,,,,,,,,,,,,,,,,,,,,,,,,,,,,,,,,,F1,1,1,1,1,1,1,1,L1,,,,,,
Heliolithaceae,Algae,Incertae Sedis 2,,M,,,,,,,,,,,,,,,,,,,,,,,,,,,,,,,,,,,,,,,,,,,,,,,,,,,,,,,,,,,,,,,,,,,,,,,,,,FL,,,,,,,,,,,,
Lithostromationaceae,Algae,Incertae Sedis 2,,M,,,,,,,,,,,,,,,,,,,,,,,,,,,,,,,,,,,,,,,,,,,,,,,,,,,,,,,,,,,,,,,,,,,,,,,,,,,F1,1,1,1,1,1,1,1,1,L1,,
Microrhabdulaceae,Algae,Incertae Sedis 2,,M,,,,,,,,,,,,,,,,,,,,,,,,,,,,,,,,,,,,,,,,,,,,,,,,,,,,,,,,,,,,F1,1,1,1,1,1,1,1,1,1,1,1,L1,,,,,,,,,,,,,,
Nannoconaceae,Algae,Incertae Sedis 2,,M,,,,,,,,,,,,,,,,,,,,,,,,,,,,,,,,,,,,,,,,,,,,,,,,,,,,,,,,,,,,F1,1,1,1,1,1,1,1,1,1,1,L1,,,,,,,,,,,,,,,
Prinsiosphaera,Algae,Incertae Sedis 2,,M,,,,,,,,,,,,,,,,,,,,,,,,,,,,,,,,,,,,,,,,,,,,,,,F1,1,L1,,,,,,,,,,,,,,,,,,,,,,,,,,,,,,,,,,,,,
Scampanella\Lapideacassis,Algae,Incertae Sedis 2,,M,,,,,,,,,,,,,,,,,,,,,,,,,,,,,,,,,,,,,,,,,,,,,,,,,,,,,,,,,,,,,,,,,,F1,1,1,1,1,1,1,1,1,1,1,L1,,,,,,,,,
Sphenolithaceae,Algae,Incertae Sedis 2,,M,,,,,,,,,,,,,,,,,,,,,,,,,,,,,,,,,,,,,,,,,,,,,,,,,,,,,,,,,,,,,,,,,,,,,,,,,,F1,1,1,1,1,1,1,1,1,1,L1,,
Triquetrorhabdulaceae,Algae,Incertae Sedis 2,,M,,,,,,,,,,,,,,,,,,,,,,,,,,,,,,,,,,,,,,,,,,,,,,,,,,,,,,,,,,,,,,,,,,,,,,,,,,,,,,,,F1,1,1,L1,,,