Erniettidae,Animalia,Coelenterata,,M,,,,,,,,,FL,,,,,,,,,,,,,,,,,,,,,,,,,,,,,,,,,,,,,,,,,,,,,,,,,,,,,,,,,,,,,,,,,,,,,,,,,,,,,
Pteridiniidae,Animalia,Coelenterata,,M,,,,,,,,,FL,,,,,,,,,,,,,,,,,,,,,,,,,,,,,,,,,,,,,,,,,,,,,,,,,,,,,,,,,,,,,,,,,,,,,,,,,,,,,
Uncertain,Animalia,Coelenterata,name? p101,M,,,,,,,,,FL,,,,,,,,,,,,,,,,,,,,,,,,,,,,,,,,,,,,,,,,,,,,,,,,,,,,,,,,,,,,,,,,,,,,,,,,,,,,,
Charniidae,Animalia,Coelenterata,,M,,,,,,,,,FL,,,,,,,,,,,,,,,,,,,,,,,,,,,,,,,,,,,,,,,,,,,,,,,,,,,,,,,,,,,,,,,,,,,,,,,,,,,,,
Rangeidae,Animalia,Coelenterata,,M,,,,,,,,,FL,,,,,,,,,,,,,,,,,,,,,,,,,,,,,,,,,,,,,,,,,,,,,,,,,,,,,,,,,,,,,,,,,,,,,,,,,,,,,
? Mawsonitidae,Animalia,Coelenterata,,M,,,,,,,,,FL,,,,,,,,,,,,,,,,,,,,,,,,,,,,,,,,,,,,,,,,,,,,,,,,,,,,,,,,,,,,,,,,,,,,,,,,,,,,,
Uncertain,Animalia,Coelenterata,name? p101,M,,,,,,,,,FL,,,,,,,,,,,,,,,,,,,,,,,,,,,,,,,,,,,,,,,,,,,,,,,,,,,,,,,,,,,,,,,,,,,,,,,,,,,,,
Uncertain,Animalia,Coelenterata,name? p101,M,,,,,,,,,FL,,,,,,,,,,,,,,,,,,,,,,,,,,,,,,,,,,,,,,,,,,,,,,,,,,,,,,,,,,,,,,,,,,,,,,,,,,,,,
Gastroconidae,Animalia,Coelenterata,,M,,,,,,,,,,FL,,,,,,,,,,,,,,,,,,,,,,,,,,,,,,,,,,,,,,,,,,,,,,,,,,,,,,,,,,,,,,,,,,,,,,,,,,,,
Hydroconidae,Animalia,Coelenterata,,M,,,,,,,,,,FL,,,,,,,,,,,,,,,,,,,,,,,,,,,,,,,,,,,,,,,,,,,,,,,,,,,,,,,,,,,,,,,,,,,,,,,,,,,,
Dasyconidae,Animalia,Coelenterata,,M,,,,,,,,,,FL,,,,,,,,,,,,,,,,,,,,,,,,,,,,,,,,,,,,,,,,,,,,,,,,,,,,,,,,,,,,,,,,,,,,,,,,,,,,
Bonatiidae,Animalia,Coelenterata,,M,,,,,,,,,FL,,,,,,,,,,,,,,,,,,,,,,,,,,,,,,,,,,,,,,,,,,,,,,,,,,,,,,,,,,,,,,,,,,,,,,,,,,,,,
Hiemaloriidae,Animalia,Coelenterata,,M,,,,,,,,,FL,,,,,,,,,,,,,,,,,,,,,,,,,,,,,,,,,,,,,,,,,,,,,,,,,,,,,,,,,,,,,,,,,,,,,,,,,,,,,
Kimberellidae,Animalia,Coelenterata,,M,,,,,,,,,FL,,,,,,,,,,,,,,,,,,,,,,,,,,,,,,,,,,,,,,,,,,,,,,,,,,,,,,,,,,,,,,,,,,,,,,,,,,,,,
? Pomoriidae,Animalia,Coelenterata,,M,,,,,,,,,FL,,,,,,,,,,,,,,,,,,,,,,,,,,,,,,,,,,,,,,,,,,,,,,,,,,,,,,,,,,,,,,,,,,,,,,,,,,,,,
Uncertain,Animalia,Coelenterata,name? p103,M,,,,,,,,,FL,,,,,,,,,,,,,,,,,,,,,,,,,,,,,,,,,,,,,,,,,,,,,,,,,,,,,,,,,,,,,,,,,,,,,,,,,,,,,
Uncertain,Animalia,Coelenterata,name? p103,M,,,,,,,,,,,FL,,,,,,,,,,,,,,,,,,,,,,,,,,,,,,,,,,,,,,,,,,,,,,,,,,,,,,,,,,,,,,,,,,,,,,,,,,,
Uncertain,Animalia,Coelenterata,name? p103,M,,,,,,,,,,FL,,,,,,,,,,,,,,,,,,,,,,,,,,,,,,,,,,,,,,,,,,,,,,,,,,,,,,,,,,,,,,,,,,,,,,,,,,,,
Brooksellidae,Animalia,Coelenterata,,M,,,,,,,,,F1,1,1,1,1,1,1,1,1,1,1,1,1,1,1,1,1,1,1,1,1,1,1,1,L2,?,?,?L,,,,,,,,,,,,,,,,,,,,,,,,,,,,,,,,,,,,,,,,,,,,,,,,,,
Carybdeidae,Animalia,Coelenterata,,M,,,,,,,,,,,,,,,,,,,,,,,,,,,,,,,,,,F1,1,1,1,1,1,1,1,1,1,1,1,1,1,1,1,1,1,1,1,1,1,1,1,1,1,1,1,1,1,1,1,1,1,1,1,1,1,1,1,1,1,1,1,1,1,1,1,1,1,1,1,1
Collaspididae,Animalia,Coelenterata,,M,,,,,,,,,,,,,F1,1,1,1,1,1,1,1,1,1,1,1,1,1,1,1,1,1,1,1,1,1,1,1,1,1,1,1,1,1,1,1,1,1,1,1,1,1,1,1,1,1,1,1,1,1,1,1,1,1,1,1,1,1,1,1,1,1,1,1,1,1,1,1,1,1,1,1,1,1,1,1,1,1
Periphyllidae,Animalia,Coelenterata,,M,,,,,,,,,,,,,,,,,,,,,,,,,,,,,,,,,,,,,,,,,,,,,,,,,,,,,,,,,,,,F1,1,1,1,1,1,1,1,1,1,1,1,1,1,1,1,1,1,1,1,1,1,1,1,1,1,1
? Eulithothotidae,Animalia,Coelenterata,,M,,,,,,,,,,,,,,,,,,,,,,,,,,,,,,,,,,,,,,,,,,,,,,,,,,,,,,,,,,,,FL,,,,,,,,,,,,,,,,,,,,,,,,,,
? Semaeostomitidae,Animalia,Coelenterata,,M,,,,,,,,,,,,,,,,,,,,,,,,,,,,,,,,,,,,,,,,,,,,,,,,,,,,,,,,,,,,FL,,,,,,,,,,,,,,,,,,,,,,,,,,
Rhizostomitidae,Animalia,Coelenterata,,M,,,,,,,,,,,,,,,,,,,,,,,,,,,,,,,,,,,,,,,,,,,,,,,,,,,,,,,,,,,,FL,,,,,,,,,,,,,,,,,,,,,,,,,,
LeptobrachiidaeFL,Animalia,Coelenterata,,M,,,,,,,,,,,,,,,,,,,,,,,,,,,,,,,,,,,,,,,,,,,,,,,,,,,,,,,,,,,,F1,1,1,1,1,1,1,1,1,1,1,1,1,1,1,1,1,1,1,1,1,1,1,1,1,1,1
Uncertain,Animalia,Coelenterata,?name p104,M,,,,,,,,,,,,,,,,,,,,,,,,,,,,,,,,,,F1,L1,,,,,,,,,,,,,,,,,,,,,,,,,,,,,,,,,,,,,,,,,,,,,,,,,,,
Carinachitidae,Animalia,Coelenterata,,M,,,,,,,,,,FL,,,,,,,,,,,,,,,,,,,,,,,,,,,,,,,,,,,,,,,,,,,,,,,,,,,,,,,,,,,,,,,,,,,,,,,,,,,,
Circonulariidae,Animalia,Coelenterata,,M,,,,,,,,,,,,,,,,,,,F1,1,1,1,L1,,,,,,,,,,,,,,,,,,,,,,,,,,,,,,,,,,,,,,,,,,,,,,,,,,,,,,,,,,,,,,,
Conulariellidae,Animalia,Coelenterata,,M,,,,,,,,,,F1,1,1,1,L1,,,,,,,,,,,,,,,,,,,,,,,,,,,,,,,,,,,,,,,,,,,,,,,,,,,,,,,,,,,,,,,,,,,,,,,,
Conulariidae,Animalia,Coelenterata,,M,,,,,,,,,,,,F1,1,1,1,1,1,1,1,1,1,1,1,1,1,1,1,1,1,1,1,1,1,1,1,1,1,1,1,1,1,1,1,1,1,1,1,1,L1,,,,,,,,,,,,,,,,,,,,,,,,,,,,,,,,,,,,,
Conulariopsidae,Animalia,Coelenterata,,M,,,,,,,,,,,,,,,,,,,,,,,,,,,,,,,,,,,,,,,,,,,,FL,,,,,,,,,,,,,,,,,,,,,,,,,,,,,,,,,,,,,,,,,,
Conchopeltidae,Animalia,Coelenterata,,M,,,,,,,,,F1,1,1,1,1,1,1,1,L1,,,,,,,,,,,,,,,,,,,,,,,,,,,,,,,,,,,,,,,,,,,,,,,,,,,,,,,,,,,,,,,,,,,,,
? Corumbellidae,Animalia,Coelenterata,,M,,,,,,,,,FL,,,,,,,,,,,,,,,,,,,,,,,,,,,,,,,,,,,,,,,,,,,,,,,,,,,,,,,,,,,,,,,,,,,,,,,,,,,,,
Trachynematidae,Animalia,Coelenterata,,M,,,,,,,,,?F,?,?,?,?,?,?,?,?,?,?,?,?,?,?,?,?,?,?,?,?,?,?,?,?,?,?,?,?,?,?,?,?,?,?,?,?,?,?,?,?,?,?,?,?,?,?,?,?,?,?,?,?,?,?,?,?,?,?,?,?,?,?,?,?,?,?,?,?,?,?,?,?,?,?,?,?,?
Cuninidae,Animalia,Coelenterata,,M,,,,,,,,,,,,,,,,,,,,,,,,,,,,,,,,,,,,,,,,,,,,,,,,,,,,,,,,,,,,F1,1,1,1,1,1,1,1,1,1,1,1,1,1,1,1,1,1,1,1,1,1,1,1,1,1,1
Uncertain,Animalia,Coelenterata,?name p105,M,,,,,,,,,,FL,,,,,,,,,,,,,,,,,,,,,,,,,,,,,,,,,,,,,,,,,,,,,,,,,,,,,,,,,,,,,,,,,,,,,,,,,,,,
Chondroplidae,Animalia,Coelenterata,,M,,,,,,,,,FL,,,,,,,,,,,,,,,,,,,,,,,,,,,,,,,,,,,,,,,,,,,,,,,,,,,,,,,,,,,,,,,,,,,,,,,,,,,,,
Porpitidae,Animalia,Coelenterata,,M,,,,,,,,,?F,?,?,?,?,?,?,?,F2,1,1,1,1,1,1,1,1,1,1,1,1,1,1,1,1,1,1,1,1,1,1,1,1,1,1,1,1,1,1,1,1,1,1,1,1,1,1,1,1,1,1,1,1,1,1,1,1,1,1,1,1,1,1,1,1,1,1,1,1,1,1,1,1,1,1,1,1,1
Velellidae,Animalia,Coelenterata,,M,,,,,,,,,,,,,,,,,,,,,F1,1,1,1,1,1,1,1,1,1,1,1,1,1,1,1,1,1,1,1,1,1,1,1,1,1,1,1,1,1,1,1,1,1,1,1,1,1,1,1,1,1,1,1,1,1,1,1,1,1,1,1,1,1,1,1,1,1,1,1,1,1,1,1,1,1
? Palaeacmaeidae,Animalia,Coelenterata,,M,,,,,,,,,,,,F1,1,1,1,1,1,1,1,1,1,1,1,1,1,1,1,1,1,1,1,1,1,1,1,1,1,1,1,1,1,1,1,1,1,1,1,1,1,1,1,1,1,1,1,1,1,1,1,1,1,1,1,L1,,,,,,,,,,,,,,,,,,,,,,
? Scenellidae,Animalia,Coelenterata,,M,,,,,,,,,,F1,1,1,1,1,1,1,1,1,1,1,1,1,1,L1,,,,,,,,,,,,,,,,,,,,,,,,,,,,,,,,,,,,?F,?,?,?,?,?,F2,1,1,1,1,1,1,1,1,1,1,1,1,1,1,1,1,1,1,1,1
Uncertain,Animalia,Coelenterata,?name p105,M,,,,,,,,,F1,L1,,,,,,,,,,,,,,,,,,,,,,,,,,,,,,,,,,,,,,,,,,,,,,,,,,,,,,,,,,,,,,,,,,,,,,,,,,,,
Hydractiniidae,Animalia,Coelenterata,,M,,,,,,,,,,,,,,,,,,,,,,,,,,,,,,,,,,,,,,,,,,,,,,,,,,,,,,,,,,,,?F,F2,1,1,1,1,1,1,1,1,1,1,1,1,1,1,1,1,1,1,1,1,1,1,1,1,1
Inocaulidae,Animalia,Coelenterata,,M,,,,,,,,,,,,,,F1,1,1,1,1,1,1,1,1,L1,,,,,,,,,,,,,,,,,,,,,,,,,,,,,,,,,,,,,,,,,,,,,,,,,,,,,,,,,,,,,,,
Oceaniidae,Animalia,Coelenterata,,M,,,,,,,,,,,,,,,,,,,,,,,,,,,,,,,,,,?F,?,F2,1,1,1,1,1,1,1,1,1,1,1,1,1,1,1,1,1,1,1,1,1,1,1,1,1,1,1,1,1,1,1,1,1,1,1,1,1,1,1,1,1,1,1,1,1,1,1,1,1,1
Rhabdohydridae,Animalia,Coelenterata,,M,,,,,,,,,,,,,,,F1,1,1,L1,,,,,,,,,,,,,,,,,,,,,,,,,,,,,,,,,,,,,,,,,,,,,,,,,,,,,,,,,,,,,,,,,,,,
Sertulariidae,Animalia,Coelenterata,,M,,,,,,,,,,,,,,,,,,,,,,,,,,,,,,,,,,,,,,,,,,,,,,,,,,,,,,,,,,,,,,,,,,,,,,,,F1,1,1,1,1,1,1,1,1,1,1,1,1,1,1
Uncertain,Animalia,Coelenterata,?name p105,M,,,,,,,,,,,,,,,,,,,,,,,,,,,,,,,,,,FL,,,,,,,,,,,,,,,,,,,,,,,,,,,,,,,,,,,,,,,,,,,,,,,,,,,,
Axoporidae,Animalia,Coelenterata,,M,,,,,,,,,,,,,,,,,,,,,,,,,,,,,,,,,,,,,,,,,,,,,,,,,,,,,,,,,,,?F,F2,1,1,1,1,1,1,1,1,1,1,1,1,1,1,1,1,1,1,L2,?L,,,,,,
Milleporidae,Animalia,Coelenterata,,M,,,,,,,,,,,,,,,,,,,,,,,,,,,,,,,,,,,,,,,,,,,,,,,,,,,,,,,,,,,,,,,,,,,,,,,,,F1,1,1,1,1,1,1,1,1,1,1,1,1,1
Heterastridiidae,Animalia,Coelenterata,,M,,,,,,,,,,,,,,,,,,,,,,,,,,,,,,,,,,,,,,,,,,,,,,,,FL,,,,,,,,,,,,,,,,,,,,,,,,,,,,,,,,,,,,,,
Stylasteridae,Animalia,Coelenterata,,M,,,,,,,,,,,,,,,,,,,,,,,,,,,,,,,,,,,,,,,,,,,,,,,,,,,,,,,,,,,,,,,,,,,,,,,,F1,1,1,1,1,1,1,1,1,1,1,1,1,1,1
Undesignated,Animalia,Coelenterata,?name p107,M,,,,,,,,,,,,,,,,,,,,,,,,,,,,,,,,,,,,,,,,,,,,,,,,,,,,,,,,,,,,,,,,,,,,,,,,,,,,,,,,,F1,1,1,1,1,1
Tubiporidae,Animalia,Coelenterata,,M,,,,,,,,,,,,,,,,,,,,,,,,,,,,,,,,,,,,,,,,,,,,,,,,,,,,,,,,,,,,,,,,,,,,,,,,,,,,,,,,,F1,1,1,1,1,1
Alcyoniidae,Animalia,Coelenterata,,M,,,,,,,,,,,,,,,,,,,F1,1,1,1,1,1,1,1,1,1,1,1,1,1,1,1,1,1,1,1,1,1,1,1,1,1,1,1,1,1,1,1,1,1,1,1,1,1,1,1,1,1,1,1,1,1,1,1,1,1,1,1,1,1,1,1,1,1,1,1,1,1,1,1,1,1,1,1
Nephtheidae,Animalia,Coelenterata,,M,,,,,,,,,,,,,,,,,,,,,,,,,,,,,,,,,,,,,,,,,,,,,,,,,,F1,1,1,1,1,1,1,1,1,1,1,1,1,1,1,1,1,1,1,1,1,1,1,1,1,1,1,1,1,1,1,1,1,1,1,1,1
Xeniidae,Animalia,Coelenterata,,M,,,,,,,,,,,,,,,,,,,,,,,,,,,,,,,,,,,,,,,,,,,,,,,,,,,,,,,,,,,,,,,,,,,,?F,F2,1,1,1,1,1,1,1,1,1,1,1,1,1,1,1,1,1
Clavulariidae,Animalia,Coelenterata,,M,,,,,,,,,,,,,,,,,,,,,,,,,,,,,,,,,,,,,,,,,,,,,,,,,,,,,,,,,,,,,F1,1,1,1,1,1,1,1,1,1,1,1,1,1,1,1,1,1,1,1,1,1,1,1,1,1
Helioporidae,Animalia,Coelenterata,,M,,,,,,,,,,,,,,,,,,,,,,,,,,,,,,,,,,,,,,,,,,,,,,,,,,,,,,,,,,,,,,,,F1,1,1,1,1,1,1,1,1,1,1,1,1,1,1,1,1,1,1,1,1,1,1
Briareidae,Animalia,Coelenterata,,M,,,,,,,,,,,,,,,,,,,,,,,,,,,,,,,,,,,,,,,,,,,,,,,,,,,,,,,,,,,,,,,,,,,,,,,,,F1,1,1,1,1,1,1,1,1,1,1,1,1,1
Coralliidae,Animalia,Coelenterata,,M,,,,,,,,,,,,,,,,,,,,,,,,,,,,,,,,,,,,,,,,,,,,,,,,,,,,,,,,,,,,,F1,1,1,1,1,1,1,1,1,1,1,1,1,1,1,1,1,1,1,1,1,1,1,1,1,1
Ellisellidae,Animalia,Coelenterata,,M,,,,,,,,,,,,,,,,,,,,,,,,,,,,,,,,,,,,,,,,,,,,,,,,,,,,,,,,,,,,,,,,,,,,,,,,F1,1,1,1,1,1,1,1,1,1,1,1,1,1,1
Gorgoniidae,Animalia,Coelenterata,,M,,,,,,,,,,,,,,,,,,,,,,,,,,,,,,,,,,,,,,,,,,,,,,,,,,,,,,,,,,,,,,,,,,,,,,,,,,,?F,?,F2,1,1,1,1,1,1,1,1,1
Isididae,Animalia,Coelenterata,,M,,,,,,,,,,,,,,,,,,,,,,,,,,,,,,,,,,,,,,,,,,,,,,,,,,,,,,,,,,,,,,,,,,,F1,1,1,1,1,1,1,1,1,1,1,1,1,1,1,1,1,1,1,1
Keroeididae,Animalia,Coelenterata,,M,,,,,,,,,,,,,,,,,,,,,,,,,,,,,,,,,,,,,,,,,,,,,,,,,,,,,,,,,,,,,,,,,,,,,,,,F1,1,1,1,1,1,1,1,1,1,1,1,1,1,1
Melithaeidae,Animalia,Coelenterata,,M,,,,,,,,,,,,,,,,,,,,,,,,,,,,,,,,,,,,,,,,,,,,,,,,,,,,,,,,,,,,,,,,,,,,,,,,,F1,1,1,1,1,1,1,1,1,1,1,1,1,1
Parisididae,Animalia,Coelenterata,,M,,,,,,,,,,,,,,,,,,,,,,,,,,,,,,,,,,,,,,,,,,,,,,,,,,,,,,,,,,,,,,,,,,,,,,,F1,1,1,1,1,1,1,1,1,1,1,1,1,1,1,1
Primnoidae,Animalia,Coelenterata,,M,,,,,,,,,,,,,,,,,,,,,,,,,,,,,,,,,,,,,,,,,,,,,,,,,,,,,,,,,,,,,,,,,,,,,,,F1,1,1,1,1,1,1,1,1,1,1,1,1,1,1,1
Uncertain,Animalia,Coelenterata,?name p108,M,,,,,,,,,,,,,,,,,,FL,,,,,,,,,,,,,,,,,,,,,,,,,,,,,,,,,,,,,,,,,,,,,,,,,,,,,,,,,,,,,,,,,,,,
Pennatulidae,Animalia,Coelenterata,,M,,,,,,,,,,,,,,,,,,,,,,,,,,,,,,,,,,,,,,,,,,,,?F,?,?,?,?,F2,1,1,1,1,1,1,1,1,1,1,1,1,1,1,1,1,1,1,1,1,1,1,1,1,1,1,1,1,1,1,1,1,1,1,1,1,1
Pteroeididae,Animalia,Coelenterata,,M,,,,,,,,,,,,,,,,,,,,,,,,,,,,,,,,,,,,,,,,,,,,,,,,,,,,,,,,,,,,,,,,,,,,,,,,,,,?F,?,?,F2,1,1,1,1,1,1,1,1
Virgulariidae,Animalia,Coelenterata,,M,,,,,,,,,,,,,,,,,,,,,,,,,,,,,,,,,,,,,,,,,,,,,,,,,,,,,,,,,,,,,F1,1,1,1,1,1,1,1,1,1,1,1,1,1,1,1,1,1,1,1,1,1,1,1,1,1
? Septodaeidae,Animalia,Coelenterata,,M,,,,,,,,,,,,,,F1,1,1,1,1,1,1,1,1,1,1,L1,,,,,,,,,,,,,,,,,,,,,,,,,,,,,,,,,,,,,,,,,,,,,,,,,,,,,,,,,,,,,
Kilbuchophyllidae,Animalia,Coelenterata,,M,,,,,,,,,,,,,,,,,FL,,,,,,,,,,,,,,,,,,,,,,,,,,,,,,,,,,,,,,,,,,,,,,,,,,,,,,,,,,,,,,,,,,,,,
Astrocoeniidae,Animalia,Coelenterata,,M,,,,,,,,,,,,,,,,,,,,,,,,,,,,,,,,,,,,,,,,,,,,,F1,1,1,1,1,1,1,1,1,1,1,1,1,1,1,1,1,1,1,1,1,1,1,1,1,1,1,1,1,1,1,1,1,1,1,1,1,1,1,1,1,1
Thamnasteriidae,Animalia,Coelenterata,,M,,,,,,,,,,,,,,,,,,,,,,,,,,,,,,,,,,,,,,,,,,,,,F1,1,1,1,1,1,1,1,1,1,1,1,1,1,1,1,1,1,1,1,1,1,1,1,1,1,1,1,1,1,1,1,1,1,1,1,1,1,1,1,1,1
Pocilloporidae,Animalia,Coelenterata,,M,,,,,,,,,,,,,,,,,,,,,,,,,,,,,,,,,,,,,,,,,,,,,,,,,,,,,,,,,,,,,,,,,,,,F1,1,1,1,1,1,1,1,1,1,1,1,1,1,1,1,1,1,1
Acroporidae,Animalia,Coelenterata,,M,,,,,,,,,,,,,,,,,,,,,,,,,,,,,,,,,,,,,,,,,,,,,,,,,,,,,,,,,,,,,,,,,,,,F1,1,1,1,1,1,1,1,1,1,1,1,1,1,1,1,1,1,1
Stylinidae,Animalia,Coelenterata,,M,,,,,,,,,,,,,,,,,,,,,,,,,,,,,,,,,,,,,,,,,,,,,F1,1,1,1,1,1,1,1,1,1,1,1,1,1,1,1,1,1,1,1,1,1,1,1,1,1,1,1,1,1,1,1,1,L1,,,,,,,,
Procyclolitidae,Animalia,Coelenterata,,M,,,,,,,,,,,,,,,,,,,,,,,,,,,,,,,,,,,,,,,,,,,,,F1,1,1,1,1,1,1,1,1,1,L1,,,,,,,,,,,,,,,,,,,,,,,,,,,,,,,
Calamophylliidae,Animalia,Coelenterata,,M,,,,,,,,,,,,,,,,,,,,,,,,,,,,,,,,,,,,,,,,,,,,,,,F1,1,1,1,1,1,1,1,1,1,1,1,1,1,1,1,1,1,1,1,1,1,1,1,1,L1,,,,,,,,,,,,,,
Agariciidae,Animalia,Coelenterata,,M,,,,,,,,,,,,,,,,,,,,,,,,,,,,,,,,,,,,,,,,,,,,,,,,,,,,,,,,,,,,,,,,,F1,1,1,1,1,1,1,1,1,1,1,1,1,1,1,1,1,1,1,1,1,1
Siderastreidae,Animalia,Coelenterata,,M,,,,,,,,,,,,,,,,,,,,,,,,,,,,,,,,,,,,,,,,,,,,,,,,,,,,,,,,,,,,,,,,F1,1,1,1,1,1,1,1,1,1,1,1,1,1,1,1,1,1,1,1,1,1,1
Synastreadae,Animalia,Coelenterata,,M,,,,,,,,,,,,,,,,,,,,,,,,,,,,,,,,,,,,,,,,,,,,,,,,,,F1,1,1,1,1,1,1,1,1,1,1,1,1,1,1,1,1,1,1,L1,,,,,,,,,,,,,,,,,
Cyclolitidae,Animalia,Coelenterata,,M,,,,,,,,,,,,,,,,,,,,,,,,,,,,,,,,,,,,,,,,,,,,,,,,,,,,,,,,,,,,,,,F1,1,1,1,1,1,1,1,1,1,1,1,1,L2,?L,,,,,,,,,
Haplaraeidae,Animalia,Coelenterata,,M,,,,,,,,,,,,,,,,,,,,,,,,,,,,,,,,,,,,,,,,,,,,,,,,,,,,,,,,,,F1,1,1,1,1,1,1,1,1,1,1,1,1,1,1,1,1,1,1,1,L1,,,,,,,,
Fungiidae,Animalia,Coelenterata,,M,,,,,,,,,,,,,,,,,,,,,,,,,,,,,,,,,,,,,,,,,,,,,,,,,,,,,,,,,,,,,,,,,F1,1,1,1,1,1,1,1,1,1,1,1,1,1,1,1,1,1,1,1,1,1
Micrabaciidae,Animalia,Coelenterata,,M,,,,,,,,,,,,,,,,,,,,,,,,,,,,,,,,,,,,,,,,,,,,,,,,,,,,,,,,,,,,,,,,F1,1,1,1,1,1,1,1,1,1,1,1,1,1,1,1,1,1,1,1,1,1,1
Microsolenidae,Animalia,Coelenterata,,M,,,,,,,,,,,,,,,,,,,,,,,,,,,,,,,,,,,,,,,,,,,,,,,,,,F1,1,1,1,1,1,1,1,1,1,1,1,1,1,1,1,1,1,1,1,L1,,,,,,,,,,,,,,,,
Actinacididae,Animalia,Coelenterata,,M,,,,,,,,,,,,,,,,,,,,,,,,,,,,,,,,,,,,,,,,,,,,,,,,,,,F1,1,1,1,1,1,1,1,1,1,1,1,1,1,1,1,1,1,1,1,1,1,1,1,1,1,1,1,L1,,,,,,,
Poritidae,Animalia,Coelenterata,,M,,,,,,,,,,,,,,,,,,,,,,,,,,,,,,,,,,,,,,,,,,,,,,,,,,,,,,,,,,?F,F2,1,1,1,1,1,1,1,1,1,1,1,1,1,1,1,1,1,1,1,1,1,1,1,1,1,1,1
Stylophyllidae,Animalia,Coelenterata,,M,,,,,,,,,,,,,,,,,,,,,,,,,,,,,,,,,,,,,,,,,,,,,,F1,1,1,1,1,1,1,1,1,L1,,,,,,,,,,,,,,,,,,,,,,,,,,,,,,,
Amphiastreidae,Animalia,Coelenterata,,M,,,,,,,,,,,,,,,,,,,,,,,,,,,,,,,,,,,,,,,,,,,,,,,,,,F1,1,1,1,1,1,1,1,1,1,1,1,1,1,1,1,1,L1,,,,,,,,,,,,,,,,,,,
Montlivaltiidae,Animalia,Coelenterata,,M,,,,,,,,,,,,,,,,,,,,,,,,,,,,,,,,,,,,,,,,,,,,,,,,F1,1,1,1,1,1,1,1,1,1,1,1,1,1,1,1,1,1,1,1,1,1,1,1,1,1,1,1,L2,?L,,,,,,,,,
Faviidae,Animalia,Coelenterata,,M,,,,,,,,,,,,,,,,,,,,,,,,,,,,,,,,,,,,,,,,,,,,,,,,,,,,,,F1,1,1,1,1,1,1,1,1,1,1,1,1,1,1,1,1,1,1,1,1,1,1,1,1,1,1,1,1,1,1,1,1
Rhizangiidae,Animalia,Coelenterata,,M,,,,,,,,,,,,,,,,,,,,,,,,,,,,,,,,,,,,,,,,,,,,,,,,,,,,,,,,,,,,,,,,F1,1,1,1,1,1,1,1,1,1,1,1,1,1,1,1,1,1,1,1,1,1,1
Oculinidae,Animalia,Coelenterata,,M,,,,,,,,,,,,,,,,,,,,,,,,,,,,,,,,,,,,,,,,,,,,,,,,,,,,,,,,,,,,,,,,?F,?,?,?,F2,1,1,1,1,1,1,1,1,1,1,1,1,1,1,1,1,1,1
Meandrinidae,Animalia,Coelenterata,,M,,,,,,,,,,,,,,,,,,,,,,,,,,,,,,,,,,,,,,,,,,,,,,,,,,,,,,,,,,,,,,,,F1,1,1,1,1,1,1,1,1,1,1,1,1,1,1,1,1,1,1,1,1,1,1
Merulinidae,Animalia,Coelenterata,,M,,,,,,,,,,,,,,,,,,,,,,,,,,,,,,,,,,,,,,,,,,,,,,,,,,,,,,,,,,,,,,,,,,,,,,,,,,,,,,,,,,,F1,1,1,1
Mussidae,Animalia,Coelenterata,,M,,,,,,,,,,,,,,,,,,,,,,,,,,,,,,,,,,,,,,,,,,,,,,,,,,,,,,,,,,F1,1,1,1,1,1,1,1,1,1,1,1,1,1,1,1,1,1,1,1,1,1,1,1,1,1,1,1,1
Pectiniidae,Animalia,Coelenterata,,M,,,,,,,,,,,,,,,,,,,,,,,,,,,,,,,,,,,,,,,,,,,,,,,,,,,,,,,,,,,,,,,,,,,,,,,,,,,,?F,F2,1,1,1,1,1,1,1,1,1
Caryophylliidae,Animalia,Coelenterata,,M,,,,,,,,,,,,,,,,,,,,,,,,,,,,,,,,,,,,,,,,,,,,,,,,,,,F1,1,1,1,1,1,1,1,1,1,1,1,1,1,1,1,1,1,1,1,1,1,1,1,1,1,1,1,1,1,1,1,1,1,1,1
Rhipidogyridae,Animalia,Coelenterata,,M,,,,,,,,,,,,,,,,,,,,,,,,,,,,,,,,,,,,,,,,,,,,,,,,,,,,,,,,,,F1,1,1,1,1,1,1,1,1,1,1,1,L1,,,,,,,,,,,,,,,,
Flabellidae,Animalia,Coelenterata,,M,,,,,,,,,,,,,,,,,,,,,,,,,,,,,,,,,,,,,,,,,,,,,,,,,,,,,,,,,,,,,,,,,,F1,1,1,1,1,1,1,1,1,1,1,1,1,1,1,1,1,1,1,1,1
Guyniidae,Animalia,Coelenterata,,M,,,,,,,,,,,,,,,,,,,,,,,,,,,,,,,,,,,,,,,,,,,,,,,,,,,,,,,F1,1,1,1,1,1,1,1,1,1,1,1,1,1,1,1,1,1,1,1,1,1,1,1,1,1,1,1,1,1,1,1
Dendrophylliidae,Animalia,Coelenterata,,M,,,,,,,,,,,,,,,,,,,,,,,,,,,,,,,,,,,,,,,,,,,,,,,,,,,,,,,,,,,,,,,,F1,1,1,1,1,1,1,1,1,1,1,1,1,1,1,1,1,1,1,1,1,1,1
Cuifastraeidae,Animalia,Coelenterata,,M,,,,,,,,,,,,,,,,,,,,,,,,,,,,,,,,,,,,,,,,,,,,,,,,F1,L1,,,,,,,,,,,,,,,,,,,,,,,,,,,,,,,,,,,,,
Distichophyllidae,Animalia,Coelenterata,,M,,,,,,,,,,,,,,,,,,,,,,,,,,,,,,,,,,,,,,,,,,,,,,,F1,1,L1,,,,,,,,,,,,,,,,,,,,,,,,,,,,,,,,,,,,,
Donacosmiliidae,Animalia,Coelenterata,,M,,,,,,,,,,,,,,,,,,,,,,,,,,,,,,,,,,,,,,,,,,,,,,,,,,,F1,1,1,1,1,1,1,1,1,L1,,,,,,,,,,,,,,,,,,,,,,,,,,
Intersmiliidae,Animalia,Coelenterata,,M,,,,,,,,,,,,,,,,,,,,,,,,,,,,,,,,,,,,,,,,,,,,,,,,,,,F1,F1,F1,F1,F1,F1,F1,F1,F1,L1,,,,,,,,,,,,,,,,,,,,,,,,,,
Pachythecalidae,Animalia,Coelenterata,,M,,,,,,,,,,,,,,,,,,,,,,,,,,,,,,,,,,,,,,,,,,,,,,,F1,L1,,,,,,,,,,,,,,,,,,,,,,,,,,,,,,,,,,,,,,
Pamiroseriidae,Animalia,Coelenterata,,M,,,,,,,,,,,,,,,,,,,,,,,,,,,,,,,,,,,,,,,,,,,,,F1,1,1,1,L1,,,,,,,,,,,,,,,,,,,,,,,,,,,,,,,,,,,,,
Zardinophylliidae,Animalia,Coelenterata,,M,,,,,,,,,,,,,,,,,,,,,,,,,,,,,,,,,,,,,,,,,,,,,,F1,L1,,,,,,,,,,,,,,,,,,,,,,,,,,,,,,,,,,,,,,,
Carolastraeidae,Animalia,Coelenterata,,M,,,,,,,,,,,,,,,,,,,,,,,,,,,,,,,,,,,,,,,,,,,,,,,,,,,,,,,,,F1,1,1,L1,,,,,,,,,,,,,,,,,,,,,,,,,,
Uncertain,Animalia,Coelenterata,?name p111,M,,,,,,,,,,,FL,,,,,,,,,,,,,,,,,,,,,,,,,,,,,,,,,,,,,,,,,,,,,,,,,,,,,,,,,,,,,,,,,,,,,,,,,,,
Lamottiidae,Animalia,Coelenterata,,M,,,,,,,,,,,,,,,FL,,,,,,,,,,,,,,,,,,,,,,,,,,,,,,,,,,,,,,,,,,,,,,,,,,,,,,,,,,,,,,,,,,,,,,,
Lichenariidae,Animalia,Coelenterata,,M,,,,,,,,,,,,,?F,?,F2,1,L1,,,,,,,,,,,,,,,,,,,,,,,,,,,,,,,,,,,,,,,,,,,,,,,,,,,,,,,,,,,,,,,,,,,,,
Tetradiidae,Animalia,Coelenterata,,M,,,,,,,,,,,,,,,F1,1,1,L1,,,,,,,,,,,,,,,,,,,,,,,,,,,,,,,,,,,,,,,,,,,,,,,,,,,,,,,,,,,,,,,,,,,,
Paleoalveolitidae,Animalia,Coelenterata,,M,,,,,,,,,,,,,,,,,FL,,,,,,,,,,,,,,,,,,,,,,,,,,,,,,,,,,,,,,,,,,,,,,,,,,,,,,,,,,,,,,,,,,,,,
Cryptolichenariidae,Animalia,Coelenterata,,M,,,,,,,,,,,,,,F1,1,1,1,L1,,,,,,,,,,,,,,,,,,,,,,,,,,,,,,,,,,,,,,,,,,,,,,,,,,,,,,,,,,,,,,,,,,,,
Billingsariidae,Animalia,Coelenterata,,M,,,,,,,,,,,,,,,,F1,1,1,L1,,,,,,,,,,,,,,,,,,,,,,,,,,,,,,,,,,,,,,,,,,,,,,,,,,,,,,,,,,,,,,,,,,,
Syringophyllidae,Animalia,Coelenterata,,M,,,,,,,,,,,,,,,,F1,1,1,L1,,,,,,,,,,,,,,,,,,,,,,,,,,,,,,,,,,,,,,,,,,,,,,,,,,,,,,,,,,,,,,,,,,,
Theciidae,Animalia,Coelenterata,,M,,,,,,,,,,,,,,,,,,,F1,1,1,1,1,1,1,L1,,,,,,,,,,,,,,,,,,,,,,,,,,,,,,,,,,,,,,,,,,,,,,,,,,,,,,,,,,,,
Favositidae,Animalia,Coelenterata,,M,,,,,,,,,,,,,,,,F1,1,1,1,1,1,1,1,1,1,1,1,1,1,1,1,1,1,1,1,1,1,1,L1,,,,,,,,,,,,,,,,,,,,,,,,,,,,,,,,,,,,,,,,,,,,,,,
Pseudofavositidae,Animalia,Coelenterata,,M,,,,,,,,,,,,,,,,,,,,,,,,,,,,,,,,,,,,,,,,,,FL,,,,,,,,,,,,,,,,,,,,,,,,,,,,,,,,,,,,,,,,,,,,
Syringolitidae,Animalia,Coelenterata,,M,,,,,,,,,,,,,,,,,,,F1,1,L1,,,,,,,,,,,,,,,,,,,,,,,,,,,,,,,,,,,,,,,,,,,,,,,,,,,,,,,,,,,,,,,,,
Multisoleniidae,Animalia,Coelenterata,,M,,,,,,,,,,,,,,,,,,F1,1,1,1,L1,,,,,,,,,,,,,,,,,,,,,,,,,,,,,,,,,,,,,,,,,,,,,,,,,,,,,,,,,,,,,,,,
Agetolitidae,Animalia,Coelenterata,,M,,,,,,,,,,,,,,,,,F1,1,1,L1,,,,,,,,,,,,,,,,,,,,,,,,,,,,,,,,,,,,,,,,,,,,,,,,,,,,,,,,,,,,,,,,,,
Micheliniidae,Animalia,Coelenterata,,M,,,,,,,,,,,,,,,,,,,,,F1,1,1,1,1,1,1,1,1,1,1,1,1,1,1,1,1,1,1,1,1,1,L1,,,,,,,,,,,,,,,,,,,,,,,,,,,,,,,,,,,,,,,,,,,
Cleistoporidae,Animalia,Coelenterata,,M,,,,,,,,,,,,,,,,,,,,,F1,1,1,1,1,1,1,1,1,1,1,1,1,L1,,,,,,,,,,,,,,,,,,,,,,,,,,,,,,,,,,,,,,,,,,,,,,,,,,,,
Vaughaniidae,Animalia,Coelenterata,,M,,,,,,,,,,,,,,,,,,,,,,,,,,,,,,FL,,,,,,,,,,,,,,,,,,,,,,,,,,,,,,,,,,,,,,,,,,,,,,,,,,,,,,,,
Palaeacidae,Animalia,Coelenterata,,M,,,,,,,,,,,,,,,,,,,,,,,,,,,,,F1,1,1,1,1,1,1,1,1,1,1,L2,?L,,,,,,,,,,,,,,,,,,,,,,,,,,,,,,,,,,,,,,,,,,,,,
Pachyporidae,Animalia,Coelenterata,,M,,,,,,,,,,,,,,,,,,,F1,1,1,1,1,1,1,1,1,1,1,1,1,1,1,1,1,1,1,1,1,1,1,1,L1,,,,,,,,,,,,,,,,,,,,,,,,,,,,,,,,,,,,,,,,,,,
Parastriatoporidae,Animalia,Coelenterata,,M,,,,,,,,,,,,,,,,,F1,1,1,1,1,1,1,1,1,L1,,,,,,,,,,,,,,,,,,,,,,,,,,,,,,,,,,,,,,,,,,,,,,,,,,,,,,,,,,,,
Alveolitidae,Animalia,Coelenterata,,M,,,,,,,,,,,,,,,,,,,F1,1,1,1,1,1,1,1,1,L1,,,,,,,,,,,,,,,,,,,,,,,,,,,,,,,,,,,,,,,,,,,,,,,,,,,,,,,,,,
Coenitidae,Animalia,Coelenterata,,M,,,,,,,,,,,,,,,,,,,F1,1,1,1,1,1,1,1,L1,,,,,,,,,,,,,,,,,,,,,,,,,,,,,,,,,,,,,,,,,,,,,,,,,,,,,,,,,,,
Heliolitidae,Animalia,Coelenterata,,M,,,,,,,,,,,,,,,,F1,1,1,1,1,1,1,1,1,1,1,1,L1,,,,,,,,,,,,,,,,,,,,,,,,,,,,,,,,,,,,,,,,,,,,,,,,,,,,,,,,,,
Taeniolitidae,Animalia,Coelenterata,,M,,,,,,,,,,,,,,,,,F1,1,1,1,1,1,L2,?,?L,,,,,,,,,,,,,,,,,,,,,,,,,,,,,,,,,,,,,,,,,,,,,,,,,,,,,,,,,,,,,
Stelliporellidae,Animalia,Coelenterata,,M,,,,,,,,,,,,,,,,,,F1,1,1,1,1,1,1,1,L1,,,,,,,,,,,,,,,,,,,,,,,,,,,,,,,,,,,,,,,,,,,,,,,,,,,,,,,,,,,,
Pseudoplasmoporidae,Animalia,Coelenterata,,M,,,,,,,,,,,,,,,,,F1,1,1,1,1,1,1,1,1,L1,,,,,,,,,,,,,,,,,,,,,,,,,,,,,,,,,,,,,,,,,,,,,,,,,,,,,,,,,,,,
Proporidae,Animalia,Coelenterata,,M,,,,,,,,,,,,,,,,,F1,1,1,1,L1,,,,,,,,,,,,,,,,,,,,,,,,,,,,,,,,,,,,,,,,,,,,,,,,,,,,,,,,,,,,,,,,,
Sibiriolitidae,Animalia,Coelenterata,,M,,,,,,,,,,,,,,,,,,F1,1,L1,,,,,,,,,,,,,,,,,,,,,,,,,,,,,,,,,,,,,,,,,,,,,,,,,,,,,,,,,,,,,,,,,,
Plasmoporidae,Animalia,Coelenterata,,M,,,,,,,,,,,,,,,,,F1,1,1,1,1,1,L2,?,?L,,,,,,,,,,,,,,,,,,,,,,,,,,,,,,,,,,,,,,,,,,,,,,,,,,,,,,,,,,,,,
Plasmoporellidae,Animalia,Coelenterata,,M,,,,,,,,,,,,,,,,,F1,1,1,L1,,,,,,,,,,,,,,,,,,,,,,,,,,,,,,,,,,,,,,,,,,,,,,,,,,,,,,,,,,,,,,,,,,
Plasmoporellidae,Animalia,Coelenterata,,M,,,,,,,,,,,,,,,,,F1,1,1,L1,,,,,,,,,,,,,,,,,,,,,,,,,,,,,,,,,,,,,,,,,,,,,,,,,,,,,,,,,,,,,,,,,,
Proheliolitidae,Animalia,Coelenterata,,M,,,,,,,,,,,,,,,,,F1,1,1,1,L1,,,,,,,,,,,,,,,,,,,,,,,,,,,,,,,,,,,,,,,,,,,,,,,,,,,,,,,,,,,,,,,,,
? Cyrtophyllidae,Animalia,Coelenterata,,M,,,,,,,,,,,,,,,,,F1,L1,,,,,,,,,,,,,,,,,,,,,,,,,,,,,,,,,,,,,,,,,,,,,,,,,,,,,,,,,,,,,,,,,,,,
Coccoserididae,Animalia,Coelenterata,,M,,,,,,,,,,,,,,,,,F1,1,1,L1,,,,,,,,,,,,,,,,,,,,,,,,,,,,,,,,,,,,,,,,,,,,,,,,,,,,,,,,,,,,,,,,,,
Pycnolithidae,Animalia,Coelenterata,,M,,,,,,,,,,,,,,,,,,,F1,L1,,,,,,,,,,,,,,,,,,,,,,,,,,,,,,,,,,,,,,,,,,,,,,,,,,,,,,,,,,,,,,,,,,
Palaeoporitidae,Animalia,Coelenterata,,M,,,,,,,,,,,,,,,,,F1,L1,,,,,,,,,,,,,,,,,,,,,,,,,,,,,,,,,,,,,,,,,,,,,,,,,,,,,,,,,,,,,,,,,,,,
Halysitidae,Animalia,Coelenterata,,M,,,,,,,,,,,,,,,,,F1,1,1,1,L1,,,,,,,,,,,,,,,,,,,,,,,,,,,,,,,,,,,,,,,,,,,,,,,,,,,,,,,,,,,,,,,,,
Auloporidae,Animalia,Coelenterata,,M,,,,,,,,,,,,,,F1,1,1,1,1,1,1,1,1,1,1,1,1,1,1,1,1,1,1,1,1,1,1,1,1,1,1,1,L1,,,,,,,,,,,,,,,,,,,,,,,,,,,,,,,,,,,,,,,,,,,,
Bajgoliidae,Animalia,Coelenterata,,M,,,,,,,,,,,,,,,,,F1,L1,,,,,,,,,,,,,,,,,,,,,,,,,,,,,,,,,,,,,,,,,,,,,,,,,,,,,,,,,,,,,,,,,,,,
Kozlowskiocystidae,Animalia,Coelenterata,,M,,,,,,,,,,,,,,,,,,,,,,,,,,FL,,,,,,,,,,,,,,,,,,,,,,,,,,,,,,,,,,,,,,,,,,,,,,,,,,,,,,,,,,,,
Fletcheriellidae,Animalia,Coelenterata,,M,,,,,,,,,,,,,,,,,,F1,1,1,1,1,1,1,1,L1,,,,,,,,,,,,,,,,,,,,,,,,,,,,,,,,,,,,,,,,,,,,,,,,,,,,,,,,,,,,
Pyrgiidae,Animalia,Coelenterata,,M,,,,,,,,,,,,,,,,,,,,,F1,1,1,1,1,1,1,1,1,1,1,1,1,1,1,1,1,1,1,1,1,1,L1,,,,,,,,,,,,,,,,,,,,,,,,,,,,,,,,,,,,,,,,,,,
? Trachypsammidae,Animalia,Coelenterata,,M,,,,,,,,,,,,,,,,,,,,,,,,,,,,,,,,,,,,,,,F1,1,1,L1,,,,,,,,,,,,,,,,,,,,,,,,,,,,,,,,,,,,,,,,,,,,
Auloheliidae,Animalia,Coelenterata,,M,,,,,,,,,,,,,,,,,,,,,,,,,,,,,,,,,,,,,,,,,,FL,,,,,,,,,,,,,,,,,,,,,,,,,,,,,,,,,,,,,,,,,,,,
Romingeriidae,Animalia,Coelenterata,,M,,,,,,,,,,,,,,,,,,,F1,1,1,1,1,1,1,1,1,1,1,L2,?,?L,,,,,,,,,,,,,,,,,,,,,,,,,,,,,,,,,,,,,,,,,,,,,,,,,,,,,,
Palaeofavosiporidae,Animalia,Coelenterata,,M,,,,,,,,,,,,,,,,,,,,FL,,,,,,,,,,,,,,,,,,,,,,,,,,,,,,,,,,,,,,,,,,,,,,,,,,,,,,,,,,,,,,,,,,
Aulocystidae,Animalia,Coelenterata,,M,,,,,,,,,,,,,,,,,,F1,1,1,1,1,1,1,1,1,1,1,1,1,1,1,1,1,1,1,1,1,1,1,1,L1,,,,,,,,,,,,,,,,,,,,,,,,,,,,,,,,,,,,,,,,,,,,
? Sinoporidae,Animalia,Coelenterata,,M,,,,,,,,,,,,,,,,,,,F1,1,1,1,1,1,1,1,1,1,1,1,1,1,1,1,1,1,1,1,L1,,,,,,,,,,,,,,,,,,,,,,,,,,,,,,,,,,,,,,,,,,,,,,,
Khmeriidae,Animalia,Coelenterata,,M,,,,,,,,,,,,,,,,,,,,,,,,,,,,,,,,,,,,,,,FL,,,,,,,,,,,,,,,,,,,,,,,,,,,,,,,,,,,,,,,,,,,,,,,
Syringoporidae,Animalia,Coelenterata,,M,,,,,,,,,,,,,,,,,,F1,1,1,1,1,1,1,1,1,1,1,1,1,1,1,1,1,1,1,1,1,1,1,1,L1,,,,,,,,,,,,,,,,,,,,,,,,,,,,,,,,,,,,,,,,,,,,
Periphaceloporidae,Animalia,Coelenterata,,M,,,,,,,,,,,,,,,,,,,,,,,,,,,FL,,,,,,,,,,,,,,,,,,,,,,,,,,,,,,,,,,,,,,,,,,,,,,,,,,,,,,,,,,,
Tetraporellidae,Animalia,Coelenterata,,M,,,,,,,,,,,,,,,,,F1,1,1,1,1,1,1,1,1,1,1,1,1,1,1,1,1,1,1,1,1,1,1,1,1,1,L1,,,,,,,,,,,,,,,,,,,,,,,,,,,,,,,,,,,,,,,,,,,
Multithecoporidae,Animalia,Coelenterata,,M,,,,,,,,,,,,,,,,,,,F1,1,1,1,1,1,1,1,1,1,1,1,1,1,1,1,1,1,1,1,1,1,1,L1,,,,,,,,,,,,,,,,,,,,,,,,,,,,,,,,,,,,,,,,,,,,
Roemeriidae,Animalia,Coelenterata,,M,,,,,,,,,,,,,,,,,,,?F,F2,1,1,1,1,1,1,1,1,1,1,1,1,1,1,1,1,1,L1,,,,,,,,,,,,,,,,,,,,,,,,,,,,,,,,,,,,,,,,,,,,,,,,
Thecostegitidae,Animalia,Coelenterata,,M,,,,,,,,,,,,,,,,,,,,,,?F,F2,1,1,1,1,1,1,1,1,L1,,,,,,,,,,,,,,,,,,,,,,,,,,,,,,,,,,,,,,,,,,,,,,,,,,,,,,
Chonostegitidae,Animalia,Coelenterata,,M,,,,,,,,,,,,,,,,,,,,,,,,,F1,L1,,,,,,,,,,,,,,,,,,,,,,,,,,,,,,,,,,,,,,,,,,,,,,,,,,,,,,,,,,,,
Gorskyitidae,Animalia,Coelenterata,,M,,,,,,,,,,,,,,,,,,,F1,1,1,1,1,1,1,1,1,1,1,1,1,1,1,1,1,1,1,L1,,,,,,,,,,,,,,,,,,,,,,,,,,,,,,,,,,,,,,,,,,,,,,,,
?  Lipoporidae,Animalia,Coelenterata,,M,,,,,,,,,,,FL,,,,,,,,,,,,,,,,,,,,,,,,,,,,,,,,,,,,,,,,,,,,,,,,,,,,,,,,,,,,,,,,,,,,,,,,,,,
Palaeocyclidae,Animalia,Coelenterata,,M,,,,,,,,,,,,,,,,,F1,1,1,1,1,1,1,1,1,L1,,,,,,,,,,,,,,,,,,,,,,,,,,,,,,,,,,,,,,,,,,,,,,,,,,,,,,,,,,,,
Tryplasmatidae,Animalia,Coelenterata,,M,,,,,,,,,,,,,,,,,F1,1,1,1,1,1,1,1,1,1,L1,,,,,,,,,,,,,,,,,,,,,,,,,,,,,,,,,,,,,,,,,,,,,,,,,,,,,,,,,,,
? Fletcheriidae,Animalia,Coelenterata,,M,,,,,,,,,,,,,,,,,,,F1,L1,,,,,,,,,,,,,,,,,,,,,,,,,,,,,,,,,,,,,,,,,,,,,,,,,,,,,,,,,,,,,,,,,,
Holmophyllidae,Animalia,Coelenterata,,M,,,,,,,,,,,,,,,,,,,F1,1,1,1,1,1,1,L1,,,,,,,,,,,,,,,,,,,,,,,,,,,,,,,,,,,,,,,,,,,,,,,,,,,,,,,,,,,,
Goniophyllidae,Animalia,Coelenterata,,M,,,,,,,,,,,,,,,,,,,F1,1,1,1,1,1,1,1,L1,,,,,,,,,,,,,,,,,,,,,,,,,,,,,,,,,,,,,,,,,,,,,,,,,,,,,,,,,,,
Cystiphyllidae,Animalia,Coelenterata,,M,,,,,,,,,,,,,,,,,,F1,1,1,1,1,1,1,1,1,L2,?,?L,,,,,,,,,,,,,,,,,,,,,,,,,,,,,,,,,,,,,,,,,,,,,,,,,,,,,,,,,
Digonophyllidae,Animalia,Coelenterata,,M,,,,,,,,,,,,,,,,,,,,,,,,,F1,1,L1,,,,,,,,,,,,,,,,,,,,,,,,,,,,,,,,,,,,,,,,,,,,,,,,,,,,,,,,,,,
Stauriidae,Animalia,Coelenterata,,M,,,,,,,,,,,,,,,,,F1,1,1,1,1,1,1,1,1,1,1,L1,,,,,,,,,,,,,,,,,,,,,,,,,,,,,,,,,,,,,,,,,,,,,,,,,,,,,,,,,,
Pycnostylidae,Animalia,Coelenterata,,M,,,,,,,,,,,,,,,,,,,F1,1,1,1,1,1,1,1,L1,,,,,,,,,,,,,,,,,,,,,,,,,,,,,,,,,,,,,,,,,,,,,,,,,,,,,,,,,,,
Neocolumnariidae,Animalia,Coelenterata,,M,,,,,,,,,,,,,,,,,,,,,,,,,,FL,?L,,,,,,,,,,,,,,,,,,,,,,,,,,,,,,,,,,,,,,,,,,,,,,,,,,,,,,,,,,,
Centristelidae,Animalia,Coelenterata,,M,,,,,,,,,,,,,,,,,,,,,,,,,,,FL,,,,,,,,,,,,,,,,,,,,,,,,,,,,,,,,,,,,,,,,,,,,,,,,,,,,,,,,,,,
Amplexidae,Animalia,Coelenterata,,M,,,,,,,,,,,,,,,,,,,F1,1,1,1,1,1,1,1,1,1,1,1,1,1,L1,,,,,,,,,,,,,,,,,,,,,,,,,,,,,,,,,,,,,,,,,,,,,,,,,,,,,
Kiziliidae,Animalia,Coelenterata,,M,,,,,,,,,,,,,,,,,,,,,,,,,,,,,,,F1,L1,,,,,,,,,,,,,,,,,,,,,,,,,,,,,,,,,,,,,,,,,,,,,,,,,,,,,,
Streptelasmatidae,Animalia,Coelenterata,,M,,,,,,,,,,,,,,,,,F1,1,1,1,1,1,1,1,1,1,L1,,,,,,,,,,,,,,,,,,,,,,,,,,,,,,,,,,,,,,,,,,,,,,,,,,,,,,,,,,,
Ditoecholasmatidae,Animalia,Coelenterata,,M,,,,,,,,,,,,,,,,,,,,,FL,,,,,,,,,,,,,,,,,,,,,,,,,,,,,,,,,,,,,,,,,,,,,,,,,,,,,,,,,,,,,,,,,
Paliphyllidae,Animalia,Coelenterata,,M,,,,,,,,,,,,,,,,,,F1,1,L1,,,,,,,,,,,,,,,,,,,,,,,,,,,,,,,,,,,,,,,,,,,,,,,,,,,,,,,,,,,,,,,,,,
Kodonophyllidae,Animalia,Coelenterata,,M,,,,,,,,,,,,,,,,,,?F,F2,1,1,1,1,1,1,L1,,,,,,,,,,,,,,,,,,,,,,,,,,,,,,,,,,,,,,,,,,,,,,,,,,,,,,,,,,,,
Mucophyllidae,Animalia,Coelenterata,,M,,,,,,,,,,,,,,,,,,,F1,1,1,1,1,1,L1,,,,,,,,,,,,,,,,,,,,,,,,,,,,,,,,,,,,,,,,,,,,,,,,,,,,,,,,,,,,,
Acrophyllidae,Animalia,Coelenterata,,M,,,,,,,,,,,,,,,,,,,,,,,,,FL,,,,,,,,,,,,,,,,,,,,,,,,,,,,,,,,,,,,,,,,,,,,,,,,,,,,,,,,,,,,,
Amsdenoididae,Animalia,Coelenterata,,M,,,,,,,,,,,,,,,,,,,,,F1,1,1,1,1,L1,,,,,,,,,,,,,,,,,,,,,,,,,,,,,,,,,,,,,,,,,,,,,,,,,,,,,,,,,,,,
Calostylidae,Animalia,Coelenterata,,M,,,,,,,,,,,,,,,,,F1,1,1,1,1,1,L1,,,,,,,,,,,,,,,,,,,,,,,,,,,,,,,,,,,,,,,,,,,,,,,,,,,,,,,,,,,,,,,
Lambelasmatidae,Animalia,Coelenterata,,M,,,,,,,,,,,,,,,,,F1,1,L1,,,,,,,,,,,,,,,,,,,,,,,,,,,,,,,,,,,,,,,,,,,,,,,,,,,,,,,,,,,,,,,,,,,
Cyathaxoniidae,Animalia,Coelenterata,,M,,,,,,,,,,,,,,,,,,,,,F1,1,1,1,1,1,1,1,1,1,1,1,1,1,1,1,1,1,1,1,1,L1,,,,,,,,,,,,,,,,,,,,,,,,,,,,,,,,,,,,,,,,,,,,
Petraiidae,Animalia,Coelenterata,,M,,,,,,,,,,,,,,,,,F1,1,1,1,1,1,1,1,1,1,1,1,L1,,,,,,,,,,,,,,,,,,,,,,,,,,,,,,,,,,,,,,,,,,,,,,,,,,,,,,,,,
Metriophyllidae,Animalia,Coelenterata,,M,,,,,,,,,,,,,,,,,,,,F1,1,1,1,1,1,1,1,1,1,1,1,1,1,1,1,1,1,1,1,1,1,L1,,,,,,,,,,,,,,,,,,,,,,,,,,,,,,,,,,,,,,,,,,,,
Laccophyllidae,Animalia,Coelenterata,,M,,,,,,,,,,,,,,,,,,,,F1,1,1,1,1,1,1,1,1,1,1,1,1,1,1,1,1,1,1,1,1,1,1,L1,,,,,,,,,,,,,,,,,,,,,,,,,,,,,,,,,,,,,,,,,,,
Kielcephyllidae,Animalia,Coelenterata,,M,,,,,,,,,,,,,,,,,,,,,,,,,,,,,FL,,,,,,,,,,,,,,,,,,,,,,,,,,,,,,,,,,,,,,,,,,,,,,,,,,,,,,,,,
? Lindstroemiidae,Animalia,Coelenterata,,M,,,,,,,,,,,,,,,,,,,,,,,,,,,FL,,,,,,,,,,,,,,,,,,,,,,,,,,,,,,,,,,,,,,,,,,,,,,,,,,,,,,,,,,,
Hadrophyllidae,Animalia,Coelenterata,,M,,,,,,,,,,,,,,,,,,,,,,,,,F1,1,L1,,,,,,,,,,,,,,,,,,,,,,,,,,,,,,,,,,,,,,,,,,,,,,,,,,,,,,,,,,,
Combophyllidae,Animalia,Coelenterata,,M,,,,,,,,,,,,,,,,,,,,,,,,,F1,L1,,,,,,,,,,,,,,,,,,,,,,,,,,,,,,,,,,,,,,,,,,,,,,,,,,,,,,,,,,,,
Entelophyllidae,Animalia,Coelenterata,,M,,,,,,,,,,,,,,,,,,,F1,1,1,1,L1,,,,,,,,,,,,,,,,,,,,,,,,,,,,,,,,,,,,,,,,,,,,,,,,,,,,,,,,,,,,,,,
Expressophyllidae,Animalia,Coelenterata,,M,,,,,,,,,,,,,,,,,,,,F1,L1,,,,,,,,,,,,,,,,,,,,,,,,,,,,,,,,,,,,,,,,,,,,,,,,,,,,,,,,,,,,,,,,,
Arachnophyllidae,Animalia,Coelenterata,,M,,,,,,,,,,,,,,,,,,,F1,1,1,1,1,1,1,1,L1,,,,,,,,,,,,,,,,,,,,,,,,,,,,,,,,,,,,,,,,,,,,,,,,,,,,,,,,,,,
Ketophyllidae,Animalia,Coelenterata,,M,,,,,,,,,,,,,,,,,,,F1,1,1,1,L1,,,,,,,,,,,,,,,,,,,,,,,,,,,,,,,,,,,,,,,,,,,,,,,,,,,,,,,,,,,,,,,
Kyphophyllidae,Animalia,Coelenterata,,M,,,,,,,,,,,,,,,,,,F1,1,1,1,1,1,1,1,1,1,L1,,,,,,,,,,,,,,,,,,,,,,,,,,,,,,,,,,,,,,,,,,,,,,,,,,,,,,,,,,
Endophyllidae,Animalia,Coelenterata,,M,,,,,,,,,,,,,,,,,,,F1,1,1,1,1,1,1,1,1,1,L1,,,,,,,,,,,,,,,,,,,,,,,,,,,,,,,,,,,,,,,,,,,,,,,,,,,,,,,,,
Spongophyllidae,Animalia,Coelenterata,,M,,,,,,,,,,,,,,,,,,,F1,1,1,1,1,1,1,1,L1,,,,,,,,,,,,,,,,,,,,,,,,,,,,,,,,,,,,,,,,,,,,,,,,,,,,,,,,,,,
Ptenophyllidae,Animalia,Coelenterata,,M,,,,,,,,,,,,,,,,,,,,F1,1,1,1,1,1,1,1,L1,,,,,,,,,,,,,,,,,,,,,,,,,,,,,,,,,,,,,,,,,,,,,,,,,,,,,,,,,,
Fasciphyllidae,Animalia,Coelenterata,,M,,,,,,,,,,,,,,,,,,,,,,,,F1,1,1,L1,,,,,,,,,,,,,,,,,,,,,,,,,,,,,,,,,,,,,,,,,,,,,,,,,,,,,,,,,,,
? Stringophyllidae,Animalia,Coelenterata,,M,,,,,,,,,,,,,,,,,,,,,,,F1,1,1,1,L1,,,,,,,,,,,,,,,,,,,,,,,,,,,,,,,,,,,,,,,,,,,,,,,,,,,,,,,,,,,
Lykophyllidae,Animalia,Coelenterata,,M,,,,,,,,,,,,,,,,,,,F1,1,1,1,1,L1,,,,,,,,,,,,,,,,,,,,,,,,,,,,,,,,,,,,,,,,,,,,,,,,,,,,,,,,,,,,,,
Halliidae,Animalia,Coelenterata,,M,,,,,,,,,,,,,,,,,,,,,,,,F1,1,1,L1,,,,,,,,,,,,,,,,,,,,,,,,,,,,,,,,,,,,,,,,,,,,,,,,,,,,,,,,,,,
Acervulariidae,Animalia,Coelenterata,,M,,,,,,,,,,,,,,,,,,,,F1,L1,,,,,,,,,,,,,,,,,,,,,,,,,,,,,,,,,,,,,,,,,,,,,,,,,,,,,,,,,,,,,,,,,
Columnariidae,Animalia,Coelenterata,,M,,,,,,,,,,,,,,,,,,,,,,,F1,1,1,1,L2,?L,,,,,,,,,,,,,,,,,,,,,,,,,,,,,,,,,,,,,,,,,,,,,,,,,,,,,,,,,,
Disphyllidae,Animalia,Coelenterata,,M,,,,,,,,,,,,,,,,,,,,,,F1,1,1,1,1,1,1,L1,,,,,,,,,,,,,,,,,,,,,,,,,,,,,,,,,,,,,,,,,,,,,,,,,,,,,,,,,
Phillipsastreidae,Animalia,Coelenterata,,M,,,,,,,,,,,,,,,,,,,,,,,,F1,1,1,1,1,L1,,,,,,,,,,,,,,,,,,,,,,,,,,,,,,,,,,,,,,,,,,,,,,,,,,,,,,,,,
Eridophyllidae,Animalia,Coelenterata,,M,,,,,,,,,,,,,,,,,,,,,F1,1,1,1,1,1,L1,,,,,,,,,,,,,,,,,,,,,,,,,,,,,,,,,,,,,,,,,,,,,,,,,,,,,,,,,,,
Zaphrentidae,Animalia,Coelenterata,,M,,,,,,,,,,,,,,,,,,,,,,,,F1,1,1,L1,,,,,,,,,,,,,,,,,,,,,,,,,,,,,,,,,,,,,,,,,,,,,,,,,,,,,,,,,,,
Cyathophyllidae,Animalia,Coelenterata,,M,,,,,,,,,,,,,,,,,,,,,,,F1,1,1,1,1,1,L1,,,,,,,,,,,,,,,,,,,,,,,,,,,,,,,,,,,,,,,,,,,,,,,,,,,,,,,,,
Bethanyphyllidae,Animalia,Coelenterata,,M,,,,,,,,,,,,,,,,,,,,,,,,,,,FL,,,,,,,,,,,,,,,,,,,,,,,,,,,,,,,,,,,,,,,,,,,,,,,,,,,,,,,,,,,
Campophyllidae,Animalia,Coelenterata,,M,,,,,,,,,,,,,,,,,,,,,,,,,,,,,F1,1,1,L1,,,,,,,,,,,,,,,,,,,,,,,,,,,,,,,,,,,,,,,,,,,,,,,,,,,,,,
Ptychophyllidae,Animalia,Coelenterata,,M,,,,,,,,,,,,,,,,,,,F1,1,1,1,L1,,,,,,,,,,,,,,,,,,,,,,,,,,,,,,,,,,,,,,,,,,,,,,,,,,,,,,,,,,,,,,,
Stereolasmatidae,Animalia,Coelenterata,,M,,,,,,,,,,,,,,,,,,,,,,,,,,,F1,1,1,1,1,1,L2,?L,,,,,,,,,,,,,,,,,,,,,,,,,,,,,,,,,,,,,,,,,,,,,,,,,,,,
Antiphyllidae,Animalia,Coelenterata,,M,,,,,,,,,,,,,,,,,,,,,,,,,,,,,F1,1,1,1,1,1,1,1,1,1,L1,,,,,,,,,,,,,,,,,,,,,,,,,,,,,,,,,,,,,,,,,,,,,,,
Hapsiphyllidae,Animalia,Coelenterata,,M,,,,,,,,,,,,,,,,,,,,,,,,,F1,1,1,1,1,1,1,1,1,1,1,1,1,1,1,1,1,L1,,,,,,,,,,,,,,,,,,,,,,,,,,,,,,,,,,,,,,,,,,,,
Zaphrentoididae,Animalia,Coelenterata,,M,,,,,,,,,,,,,,,,,,,,,,,,,,,,,F1,1,1,1,1,1,1,1,1,1,1,1,1,L1,,,,,,,,,,,,,,,,,,,,,,,,,,,,,,,,,,,,,,,,,,,,
Polycoeliidae,Animalia,Coelenterata,,M,,,,,,,,,,,,,,,,,,,,,,,?F,F2,1,1,1,1,1,1,1,1,1,1,1,1,1,1,1,1,1,1,L1,,,,,,,,,,,,,,,,,,,,,,,,,,,,,,,,,,,,,,,,,,,
Anisophyllidae,Animalia,Coelenterata,,M,,,,,,,,,,,,,,,,,,,,F1,L1,,,,,,,,,,,,,,,,,,,,,,,,,,,,,,,,,,,,,,,,,,,,,,,,,,,,,,,,,,,,,,,,,
Plerophyllidae,Animalia,Coelenterata,,M,,,,,,,,,,,,,,,,,,,,,,,,,F1,1,1,1,1,1,1,1,1,1,1,1,1,1,1,1,1,1,L1,,,,,,,,,,,,,,,,,,,,,,,,,,,,,,,,,,,,,,,,,,,
Endotheciidae,Animalia,Coelenterata,,M,,,,,,,,,,,,,,,,,,,,,,,,,,,,,,,,,,,,,,,,,,FL,,,,,,,,,,,,,,,,,,,,,,,,,,,,,,,,,,,,,,,,,,,,
Adamanophyllidae,Animalia,Coelenterata,,M,,,,,,,,,,,,,,,,,,,,,,,,,,,,,,F1,1,L1,,,,,,,,,,,,,,,,,,,,,,,,,,,,,,,,,,,,,,,,,,,,,,,,,,,,,,
Pentaphyllidae,Animalia,Coelenterata,,M,,,,,,,,,,,,,,,,,,,,,,,,F1,1,1,1,1,1,1,1,1,1,1,1,1,1,1,1,1,1,1,L1,,,,,,,,,,,,,,,,,,,,,,,,,,,,,,,,,,,,,,,,,,,
Lophophyllidae,Animalia,Coelenterata,,M,,,,,,,,,,,,,,,,,,,,,,,,,,,,,F1,1,1,1,1,1,1,1,1,1,1,1,1,1,L1,,,,,,,,,,,,,,,,,,,,,,,,,,,,,,,,,,,,,,,,,,,
Timorphyllidae,Animalia,Coelenterata,,M,,,,,,,,,,,,,,,,,,,,,,,,,,,,,,,,,,,,,,,,,,FL,,,,,,,,,,,,,,,,,,,,,,,,,,,,,,,,,,,,,,,,,,,,
Verbeekiellidae,Animalia,Coelenterata,,M,,,,,,,,,,,,,,,,,,,,,,,,,,,,,,,F1,1,1,1,1,1,1,1,1,1,1,L1,,,,,,,,,,,,,,,,,,,,,,,,,,,,,,,,,,,,,,,,,,,,
Cyathopsidae,Animalia,Coelenterata,,M,,,,,,,,,,,,,,,,,,,,,,,,,,,,,F1,1,1,1,1,1,1,1,1,1,L1,,,,,,,,,,,,,,,,,,,,,,,,,,,,,,,,,,,,,,,,,,,,,,,
Bothrophyllidae,Animalia,Coelenterata,,M,,,,,,,,,,,,,,,,,,,,,,,,,,,,,F1,1,1,1,1,1,1,1,1,L1,,,,,,,,,,,,,,,,,,,,,,,,,,,,,,,,,,,,,,,,,,,,,,,,
Uraliniidae,Animalia,Coelenterata,,M,,,,,,,,,,,,,,,,,,,,,,,,,,,,,F1,1,L1,,,,,,,,,,,,,,,,,,,,,,,,,,,,,,,,,,,,,,,,,,,,,,,,,,,,,,,
Endamplexidae,Animalia,Coelenterata,,M,,,,,,,,,,,,,,,,,,,,,,,,,,,,,,,,,,,,,,,,,,FL,,,,,,,,,,,,,,,,,,,,,,,,,,,,,,,,,,,,,,,,,,,,
Aulophyllidae,Animalia,Coelenterata,,M,,,,,,,,,,,,,,,,,,,,,,,,,,,,,F1,1,1,1,1,1,1,1,L2,?,?,?L,,,,,,,,,,,,,,,,,,,,,,,,,,,,,,,,,,,,,,,,,,,,,,
Ekvasophyllidae,Animalia,Coelenterata,,M,,,,,,,,,,,,,,,,,,,,,,,,,,,,,F1,1,L1,,,,,,,,,,,,,,,,,,,,,,,,,,,,,,,,,,,,,,,,,,,,,,,,,,,,,,,
Palaeosmiliidae,Animalia,Coelenterata,,M,,,,,,,,,,,,,,,,,,,,,,,,,,,,,F1,1,1,L1,,,,,,,,,,,,,,,,,,,,,,,,,,,,,,,,,,,,,,,,,,,,,,,,,,,,,,
? Aphrophyllidae,Animalia,Coelenterata,,M,,,,,,,,,,,,,,,,,,,,,,,,,,,,,,F1,L1,,,,,,,,,,,,,,,,,,,,,,,,,,,,,,,,,,,,,,,,,,,,,,,,,,,,,,,
Lithostrotionidae,Animalia,Coelenterata,,M,,,,,,,,,,,,,,,,,,,,,,,,,,,,,F1,1,1,1,1,1,1,1,1,1,1,1,1,1,L1,,,,,,,,,,,,,,,,,,,,,,,,,,,,,,,,,,,,,,,,,,,
Durhaminidae,Animalia,Coelenterata,,M,,,,,,,,,,,,,,,,,,,,,,,,,,,,,,?F,F2,1,1,1,1,1,1,1,1,1,1,L1,,,,,,,,,,,,,,,,,,,,,,,,,,,,,,,,,,,,,,,,,,,,
Axophyllidae,Animalia,Coelenterata,,M,,,,,,,,,,,,,,,,,,,,,,,,,,,,,F1,1,1,L1,,,,,,,,,,,,,,,,,,,,,,,,,,,,,,,,,,,,,,,,,,,,,,,,,,,,,,
Petalaxidae,Animalia,Coelenterata,,M,,,,,,,,,,,,,,,,,,,,,,,,,,,,,,,F1,1,1,1,1,1,1,1,L1,,,,,,,,,,,,,,,,,,,,,,,,,,,,,,,,,,,,,,,,,,,,,,,
Geyerophyllidae,Animalia,Coelenterata,,M,,,,,,,,,,,,,,,,,,,,,,,,,,,,,,,,F1,1,1,1,1,1,1,L1,,,,,,,,,,,,,,,,,,,,,,,,,,,,,,,,,,,,,,,,,,,,,,,
Koninckocariniidae,Animalia,Coelenterata,,M,,,,,,,,,,,,,,,,,,,,,,,,,,,,,,,,,F1,L1,,,,,,,,,,,,,,,,,,,,,,,,,,,,,,,,,,,,,,,,,,,,,,,,,,,,
Waagenophyllidae,Animalia,Coelenterata,,M,,,,,,,,,,,,,,,,,,,,,,,,,,,,,,,,,,F1,1,1,1,1,1,1,1,1,L1,,,,,,,,,,,,,,,,,,,,,,,,,,,,,,,,,,,,,,,,,,,
Pseudopavonidae,Animalia,Coelenterata,,M,,,,,,,,,,,,,,,,,,,,,,,,,,,,,,,,F1,1,1,1,1,L2,?,?,?L,,,,,,,,,,,,,,,,,,,,,,,,,,,,,,,,,,,,,,,,,,,,,,
Heterophylliidae,Animalia,Coelenterata,,M,,,,,,,,,,,,,,,,,,,,,,,,,,F1,1,1,1,1,1,1,L1,,,,,,,,,,,,,,,,,,,,,,,,,,,,,,,,,,,,,,,,,,,,,,,,,,,,,
? Cothoniidae,Animalia,Coelenterata,,M,,,,,,,,,,,FL,,,,,,,,,,,,,,,,,,,,,,,,,,,,,,,,,,,,,,,,,,,,,,,,,,,,,,,,,,,,,,,,,,,,,,,,,,,
? Numidiaphyllidae,Animalia,Coelenterata,,M,,,,,,,,,,,,,,,,,,,,,,,,,,,,,,,,,,,,,,,,,FL,FL,,,,,,,,,,,,,,,,,,,,,,,,,,,,,,,,,,,,,,,,,,,,
Diffingiidae,Animalia,Coelenterata,,M,,,,,,,,,,,,,,,,,,,,,,,,,,,,,,,,,,,,,F1,L1,,,,,,,,,,,,,,,,,,,,,,,,,,,,,,,,,,,,,,,,,,,,,,,,
Plerodiffiidae,Animalia,Coelenterata,,M,,,,,,,,,,,,,,,,,,,,,,,,,,,,,,,,,,,,,,FL,,,,,,,,,,,,,,,,,,,,,,,,,,,,,,,,,,,,,,,,,,,,,,,,
Tabulaconidae,Animalia,Coelenterata,,M,,,,,,,,,,F1,L1,,,,,,,,,,,,,,,,,,,,,,,,,,,,,,,,,,,,,,,,,,,,,,,,,,,,,,,,,,,,,,,,,,,,,,,,,,,
Uncertain,Animalia,Coelenterata,p122,M,,,,,,,,,,,FL,,,,,,,,,,,,,,,,,,,,,,,,,,,,,,,,,,,,,,,,,,,,,,,,,,,,,,,,,,,,,,,,,,,,,,,,,,,
Uncertain,Animalia,Coelenterata,p122,M,,,,,,,,,,,,,,,,,,,,,,,,,FL,,,,,,,,,,,,,,,,,,,,,,,,,,,,,,,,,,,,,,,,,,,,,,,,,,,,,,,,,,,,,
Uncertain,Animalia,Coelenterata,p122,M,,,,,,,,,,,,,,,,,,,,,,,,,FL,,,,,,,,,,,,,,,,,,,,,,,,,,,,,,,,,,,,,,,,,,,,,,,,,,,,,,,,,,,,,